{
  "dead_prunable" : [ ],
  "prune_queue" : [ ],
  "dummy_female" : {
    "0" : {
      "first_name" : "",
      "birth" : 43808760,
      "female" : true,
      "culture" : 0,
      "skill" : [ 0, 0, 0, 0, 0, 0 ],
      "sexuality" : "357",
      "alive_data" : {
        "fertility" : 0.0152587890625,
        "health" : 0.152587890625,
        "piety" : {
          "accumulated" : 30.517578125
        },
        "prestige" : {
          "accumulated" : 30.517578125
        }
      }
    }
  },
  "dummy_male" : {
    "1" : {
      "first_name" : "",
      "birth" : 43808760,
      "culture" : 0,
      "skill" : [ 0, 0, 0, 0, 0, 0 ],
      "sexuality" : "357",
      "alive_data" : {
        "fertility" : 0.0152587890625,
        "health" : 0.152587890625,
        "piety" : {
          "accumulated" : 30.517578125
        },
        "prestige" : {
          "accumulated" : 30.517578125
        }
      }
    }
  },
  "natural_deaths" : {
    "size" : 30
  },
  "current_natural_death" : 0,
  "sexuality_chances" : {
    "he" : 2.716064453125,
    "ho" : 0.152587890625,
    "bi" : 0.152587890625,
    "as" : 0.030517578125
  }
}