{
  "factions" : {
    "0" : {
      "type" : "claimant_faction",
      "target" : 16387,
      "no" : 14097,
      "power" : 0.445556640625,
      "power_threshold" : 2.44140625,
      "members" : [ {
        "character" : 14097,
        "faction" : 0
      } ],
      "update_day" : 29,
      "special_character" : 14097,
      "special_title" : 7079
    },
    "1" : {
      "type" : "independence_faction",
      "target" : 14450,
      "no" : 15441,
      "power" : 3.47900390625,
      "power_threshold" : 2.44140625,
      "members" : [ {
        "character" : 15441,
        "faction" : 1
      }, {
        "character" : 14257,
        "faction" : 1
      } ],
      "update_day" : 24
    },
    "2" : {
      "type" : "independence_faction",
      "target" : 15599,
      "no" : 15431,
      "power" : 4.2572021484375,
      "power_threshold" : 2.44140625,
      "members" : [ {
        "character" : 15431,
        "faction" : 2
      }, {
        "character" : 14537,
        "faction" : 2
      }, {
        "character" : 16168,
        "faction" : 2
      }, {
        "character" : 16443,
        "faction" : 2
      } ],
      "update_day" : 5
    },
    "3" : {
      "type" : "independence_faction",
      "target" : 16009,
      "no" : 16412,
      "power" : 0.555419921875,
      "power_threshold" : 2.44140625,
      "members" : [ {
        "character" : 16412,
        "faction" : 3
      }, {
        "character" : 15144,
        "faction" : 3
      }, {
        "character" : 14556,
        "faction" : 3
      }, {
        "character" : 18097,
        "faction" : 3
      }, {
        "character" : 15214,
        "faction" : 3
      }, {
        "character" : 14733,
        "faction" : 3
      } ],
      "update_day" : 28
    },
    "4" : {
      "type" : "independence_faction",
      "target" : 16039,
      "no" : 14691,
      "power" : 0.8087158203125,
      "power_threshold" : 2.44140625,
      "members" : [ {
        "character" : 14691,
        "faction" : 4
      } ],
      "update_day" : 21
    },
    "5" : {
      "type" : "independence_faction",
      "target" : 15643,
      "no" : 14828,
      "power" : 0.9368896484375,
      "power_threshold" : 2.44140625,
      "members" : [ {
        "character" : 14828,
        "faction" : 5
      } ],
      "update_day" : 28
    },
    "6" : {
      "type" : "claimant_faction",
      "target" : 18562,
      "no" : 14900,
      "power" : 2.2674560546875,
      "power_threshold" : 2.44140625,
      "members" : [ {
        "character" : 14900,
        "faction" : 6
      }, {
        "character" : 16085,
        "faction" : 6
      }, {
        "character" : 18010,
        "faction" : 6
      }, {
        "character" : 14874,
        "faction" : 6
      } ],
      "update_day" : 17,
      "special_character" : 14706,
      "special_title" : 6698
    },
    "7" : {
      "type" : "independence_faction",
      "target" : 16040,
      "no" : 15314,
      "power" : 0.390625,
      "power_threshold" : 2.44140625,
      "members" : [ {
        "character" : 15314,
        "faction" : 7
      } ],
      "update_day" : 5
    },
    "8" : {
      "type" : "independence_faction",
      "target" : 16384,
      "no" : 15464,
      "power" : 0.3143310546875,
      "power_threshold" : 3.0517578125,
      "members" : [ {
        "character" : 15464,
        "faction" : 8
      } ],
      "update_day" : 18
    },
    "9" : {
      "type" : "independence_faction",
      "target" : 18198,
      "no" : 15605,
      "power" : 2.0843505859375,
      "power_threshold" : 2.44140625,
      "members" : [ {
        "character" : 15605,
        "faction" : 9
      } ],
      "update_day" : 23
    },
    "10" : {
      "type" : "independence_faction",
      "target" : 16998,
      "no" : 16994,
      "power" : 1.98974609375,
      "power_threshold" : 2.44140625,
      "members" : [ {
        "character" : 16994,
        "faction" : 10
      }, {
        "character" : 15651,
        "faction" : 10
      }, {
        "character" : 18049,
        "faction" : 10
      }, {
        "character" : 17485,
        "faction" : 10
      } ],
      "update_day" : 12
    },
    "11" : {
      "type" : "independence_faction",
      "target" : 16372,
      "no" : 16823,
      "power" : 5.7647705078125,
      "power_threshold" : 2.44140625,
      "members" : [ {
        "character" : 16823,
        "faction" : 11
      }, {
        "character" : 16373,
        "faction" : 11
      }, {
        "character" : 15692,
        "faction" : 11
      }, {
        "character" : 16499,
        "faction" : 11
      } ],
      "update_day" : 3
    },
    "12" : {
      "type" : "independence_faction",
      "target" : 17962,
      "no" : 16187,
      "power" : 1.0498046875,
      "power_threshold" : 2.44140625,
      "members" : [ {
        "character" : 16187,
        "faction" : 12
      } ],
      "update_day" : 18
    },
    "13" : {
      "type" : "claimant_faction",
      "target" : 17962,
      "no" : 16282,
      "power" : 0.5523681640625,
      "power_threshold" : 2.44140625,
      "members" : [ {
        "character" : 16282,
        "faction" : 13
      } ],
      "update_day" : 0,
      "special_character" : 16282,
      "special_title" : 2454
    },
    "14" : {
      "type" : "independence_faction",
      "target" : 16019,
      "no" : 16336,
      "power" : 4.2724609375,
      "power_threshold" : 2.44140625,
      "members" : [ {
        "character" : 16336,
        "faction" : 14
      }, {
        "character" : 16899,
        "faction" : 14
      }, {
        "character" : 16897,
        "faction" : 14
      }, {
        "character" : 16962,
        "faction" : 14
      }, {
        "character" : 17781,
        "faction" : 14
      }, {
        "character" : 16963,
        "faction" : 14
      } ],
      "update_day" : 18
    },
    "15" : {
      "type" : "claimant_faction",
      "target" : 15473,
      "no" : 16883,
      "power" : 1.4068603515625,
      "power_threshold" : 2.44140625,
      "members" : [ {
        "character" : 16883,
        "faction" : 15
      }, {
        "character" : 16757,
        "faction" : 15
      } ],
      "update_day" : 20,
      "special_character" : 16757,
      "special_title" : 1461
    },
    "16" : {
      "type" : "claimant_faction",
      "target" : 15239,
      "no" : 15615,
      "power" : 2.1514892578125,
      "power_threshold" : 2.44140625,
      "members" : [ {
        "character" : 15615,
        "faction" : 16
      }, {
        "character" : 16846,
        "faction" : 16
      } ],
      "update_day" : 23,
      "special_character" : 15615,
      "special_title" : 999
    },
    "17" : {
      "type" : "claimant_faction",
      "target" : 15079,
      "no" : 17084,
      "power" : 1.1260986328125,
      "power_threshold" : 3.0517578125,
      "members" : [ {
        "character" : 17084,
        "faction" : 17
      } ],
      "update_day" : 5,
      "special_character" : 17084,
      "special_title" : 7228
    },
    "18" : {
      "type" : "claimant_faction",
      "target" : 16625,
      "no" : 17165,
      "power" : 1.251220703125,
      "power_threshold" : 2.44140625,
      "members" : [ {
        "character" : 17165,
        "faction" : 18
      } ],
      "update_day" : 9,
      "special_character" : 17165,
      "special_title" : 7570
    },
    "19" : {
      "type" : "independence_faction",
      "target" : 15690,
      "no" : 17404,
      "power" : 0.5706787109375,
      "power_threshold" : 3.0517578125,
      "members" : [ {
        "character" : 17404,
        "faction" : 19
      } ],
      "update_day" : 23
    },
    "20" : {
      "type" : "claimant_faction",
      "target" : 18633,
      "no" : 17994,
      "power" : 3.460693359375,
      "power_threshold" : 2.44140625,
      "members" : [ {
        "character" : 17994,
        "faction" : 20
      }, {
        "character" : 17689,
        "faction" : 20
      } ],
      "update_day" : 2,
      "special_character" : 18346,
      "special_title" : 6464
    },
    "21" : {
      "type" : "independence_faction",
      "target" : 16521,
      "no" : 18066,
      "power" : 2.947998046875,
      "power_threshold" : 2.44140625,
      "members" : [ {
        "character" : 18066,
        "faction" : 21
      } ],
      "update_day" : 8
    },
    "22" : {
      "type" : "claimant_faction",
      "target" : 16291,
      "no" : 18124,
      "power" : 1.2115478515625,
      "power_threshold" : 2.44140625,
      "members" : [ {
        "character" : 18124,
        "faction" : 22
      } ],
      "update_day" : 18,
      "special_character" : 18124,
      "special_title" : 322
    },
    "23" : {
      "type" : "independence_faction",
      "target" : 16180,
      "no" : 18170,
      "power" : 2.5054931640625,
      "power_threshold" : 2.44140625,
      "members" : [ {
        "character" : 18170,
        "faction" : 23
      } ],
      "update_day" : 26
    },
    "24" : {
      "type" : "claimant_faction",
      "target" : 15547,
      "no" : 18211,
      "power" : 0.30517578125,
      "power_threshold" : 3.0517578125,
      "members" : [ {
        "character" : 18211,
        "faction" : 24
      } ],
      "update_day" : 3,
      "special_character" : 18211,
      "special_title" : 81
    },
    "25" : {
      "type" : "claimant_faction",
      "target" : 16276,
      "no" : 18410,
      "power" : 0.9033203125,
      "power_threshold" : 2.44140625,
      "members" : [ {
        "character" : 18410,
        "faction" : 25
      } ],
      "update_day" : 12,
      "special_character" : 18410,
      "special_title" : 6030
    },
    "26" : {
      "type" : "peasant_faction",
      "target" : 15680,
      "power" : 4.876708984375,
      "title_members" : [ {
        "county" : 624
      } ],
      "update_day" : 5
    },
    "27" : {
      "type" : "peasant_faction",
      "target" : 14832,
      "power" : 1.40380859375,
      "title_members" : [ {
        "county" : 630
      } ],
      "update_day" : 15
    },
    "28" : {
      "type" : "peasant_faction",
      "target" : 15613,
      "power" : 4.718017578125,
      "title_members" : [ {
        "county" : 642
      } ],
      "update_day" : 25
    },
    "29" : {
      "type" : "peasant_faction",
      "target" : 16289,
      "power" : 1.361083984375,
      "title_members" : [ {
        "county" : 2213
      } ],
      "update_day" : 18
    },
    "30" : {
      "type" : "peasant_faction",
      "target" : 15075,
      "title_members" : [ {
        "county" : 2804
      } ],
      "update_day" : 20
    },
    "31" : {
      "type" : "peasant_faction",
      "target" : 19797,
      "power" : 1.4404296875,
      "title_members" : [ {
        "county" : 3531
      } ],
      "update_day" : 0
    },
    "32" : {
      "type" : "peasant_faction",
      "target" : 18362,
      "power" : 1.18408203125,
      "title_members" : [ {
        "county" : 3971
      } ],
      "update_day" : 2
    },
    "33" : {
      "type" : "peasant_faction",
      "target" : 17247,
      "power" : 0.9613037109375,
      "title_members" : [ {
        "county" : 5247
      } ],
      "update_day" : 28
    },
    "34" : {
      "type" : "peasant_faction",
      "target" : 15599,
      "power" : 2.0233154296875,
      "title_members" : [ {
        "county" : 6143
      }, {
        "county" : 10087
      }, {
        "county" : 10145
      } ],
      "update_day" : 14
    },
    "35" : {
      "type" : "peasant_faction",
      "target" : 16012,
      "power" : 1.129150390625,
      "title_members" : [ {
        "county" : 6340
      } ],
      "update_day" : 20
    },
    "36" : {
      "type" : "peasant_faction",
      "target" : 17749,
      "power" : 0.8056640625,
      "title_members" : [ {
        "county" : 7719
      } ],
      "update_day" : 1
    },
    "37" : {
      "type" : "peasant_faction",
      "target" : 16336,
      "power" : 0.9552001953125,
      "title_members" : [ {
        "county" : 8005
      } ],
      "update_day" : 25
    },
    "38" : {
      "type" : "peasant_faction",
      "target" : 17981,
      "power" : 1.7333984375,
      "title_members" : [ {
        "county" : 8287
      } ],
      "update_day" : 21
    },
    "39" : {
      "type" : "peasant_faction",
      "target" : 16019,
      "power" : 0.8575439453125,
      "title_members" : [ {
        "county" : 8304
      } ],
      "update_day" : 17
    },
    "40" : {
      "type" : "peasant_faction",
      "target" : 16940,
      "power" : 2.91748046875,
      "title_members" : [ {
        "county" : 8452
      } ],
      "update_day" : 2
    },
    "41" : {
      "type" : "peasant_faction",
      "target" : 17682,
      "power" : 1.1383056640625,
      "title_members" : [ {
        "county" : 8854
      } ],
      "update_day" : 25
    },
    "42" : {
      "type" : "peasant_faction",
      "target" : 16179,
      "power" : 6.82373046875,
      "title_members" : [ {
        "county" : 9238
      } ],
      "update_day" : 28
    },
    "43" : {
      "type" : "peasant_faction",
      "target" : 15643,
      "power" : 1.4739990234375,
      "title_members" : [ {
        "county" : 10058
      }, {
        "county" : 10062
      } ],
      "update_day" : 24
    },
    "44" : {
      "type" : "peasant_faction",
      "target" : 14450,
      "power" : 1.336669921875,
      "title_members" : [ {
        "county" : 11019
      } ],
      "update_day" : 28
    },
    "45" : {
      "type" : "peasant_faction",
      "target" : 15306,
      "power" : 1.6937255859375,
      "title_members" : [ {
        "county" : 11644
      } ],
      "update_day" : 16
    },
    "46" : {
      "type" : "peasant_faction",
      "target" : 15277,
      "title_members" : [ {
        "county" : 11871
      } ],
      "update_day" : 0
    },
    "47" : {
      "type" : "peasant_faction",
      "target" : 15436,
      "power" : 3.0670166015625,
      "title_members" : [ {
        "county" : 11976
      } ],
      "update_day" : 3
    }
  }
}