{
  "ironman_manager" : {
    "date" : {
      "day" : 15,
      "month" : 9,
      "year" : 1066,
      "days_since_beginning" : 2214347
    },
    "save_game" : "",
    "save_storage" : "1897"
  },
  "date" : {
    "day" : 15,
    "month" : 9,
    "year" : 1066,
    "days_since_beginning" : 2214347
  },
  "bookmark_date" : {
    "day" : 15,
    "month" : 9,
    "year" : 1066,
    "days_since_beginning" : 2214347
  },
  "first_start" : false,
  "speed" : 2,
  "random_seed" : 3920504870,
  "random_count" : 1224399,
  "variables" : {
    "data" : [ {
      "flag" : "started_royal_dignity_achievement",
      "tick" : 0,
      "data" : {
        "type" : "1280",
        "identity" : 1
      }
    } ],
    "list" : [ {
      "name" : "unavailable_unique_decisions",
      "item" : {
        "type" : "900",
        "flag" : "flag_formed_kingdom_of_aragon"
      }
    } ]
  },
  "game_rules" : {
    "setting" : [ "normal_difficulty", "ai_significant_exclave_independence", "default_multiplayer_murder_schemes", "default_minor_disease_frequency", "default_matrilineal_marriages", "default_gender_equality", "default_regional_heresy", "default_mongol_invasion", "default_casus_belli_costs", "default_culture_conversion_speed", "default_faith_conversion_speed", "default_diplomatic_range", "1453_end_date", "on_limited_de_jure_requirement", "on_custom_kingdoms", "on_generate_families", "default_same_sex_relations", "sexuality_distribution_default", "default_faith_acceptance", "randomized_faiths_off", "random_ruler_placement_off", "default_nudity", "launch_historical" ]
  },
  "deleted_characters" : [ ],
  "dead_unprunable" : [ ],
  "activities" : [ ],
  "schemes" : {
    "active" : [ ]
  },
  "stories" : {
    "active" : [ ],
    "next" : 43808760
  },
  "pending_character_interactions" : {
    "data" : [ ]
  },
  "raid" : {
    "raid" : [ ]
  },
  "holdings" : [ ],
  "fleet_manager" : {
    "fleets" : [ ]
  },
  "holy_orders" : {
    "holy_orders" : [ ],
    "religion_name" : {
      "size" : 31
    },
    "faith_name" : {
      "size" : 102
    }
  },
  "played_character" : {
    "name" : "Milchshakee",
    "character" : 16317,
    "player" : 1,
    "important_decisions" : [ ],
    "legacy" : [ {
      "character" : 16317,
      "date" : {
        "day" : 15,
        "month" : 9,
        "year" : 1066,
        "days_since_beginning" : 2214347
      },
      "wars" : [ 0, 0, 0, 0 ]
    } ],
    "rally_points" : [ {
      "province" : 4125,
      "color" : 0
    } ]
  },
  "currently_played_characters" : [ 16317 ]
}