{
  "active" : {
    "0" : {
      "important_action_type" : "action_nominate_successor",
      "player" : 1,
      "character" : 16317,
      "scope" : {
        "root" : {
          "type" : "11942",
          "identity" : 16317
        },
        "seed" : 0,
        "event_targets" : {
          "landed_title" : {
            "type" : "11943",
            "identity" : 78
          }
        }
      },
      "visible" : true
    },
    "1" : {
      "important_action_type" : "action_title_election",
      "player" : 1,
      "character" : 16317,
      "scope" : {
        "root" : {
          "type" : "11942",
          "identity" : 16317
        },
        "seed" : 0,
        "event_targets" : {
          "landed_title" : {
            "type" : "11943",
            "identity" : 78
          }
        }
      },
      "visible" : true
    },
    "2" : "357",
    "3" : {
      "important_action_type" : "action_in_line_of_succession_for_title",
      "player" : 1,
      "character" : 16317,
      "scope" : {
        "root" : {
          "type" : "11942",
          "identity" : 16317
        },
        "seed" : 0,
        "event_targets" : {
          "actor" : {
            "type" : "11942",
            "identity" : 16317
          },
          "landed_title" : {
            "type" : "11943",
            "identity" : 1250
          }
        }
      },
      "visible" : true
    },
    "4" : {
      "important_action_type" : "action_in_line_of_succession_for_title",
      "player" : 1,
      "character" : 16317,
      "scope" : {
        "root" : {
          "type" : "11942",
          "identity" : 16317
        },
        "seed" : 0,
        "event_targets" : {
          "actor" : {
            "type" : "11942",
            "identity" : 16317
          },
          "landed_title" : {
            "type" : "11943",
            "identity" : 1254
          }
        }
      },
      "visible" : true
    },
    "5" : {
      "important_action_type" : "action_in_line_of_succession_for_title",
      "player" : 1,
      "character" : 16317,
      "scope" : {
        "root" : {
          "type" : "11942",
          "identity" : 16317
        },
        "seed" : 0,
        "event_targets" : {
          "actor" : {
            "type" : "11942",
            "identity" : 16317
          },
          "landed_title" : {
            "type" : "11943",
            "identity" : 1257
          }
        }
      },
      "visible" : true
    },
    "6" : {
      "important_action_type" : "action_in_line_of_succession_for_title",
      "player" : 1,
      "character" : 16317,
      "scope" : {
        "root" : {
          "type" : "11942",
          "identity" : 16317
        },
        "seed" : 0,
        "event_targets" : {
          "actor" : {
            "type" : "11942",
            "identity" : 16317
          },
          "landed_title" : {
            "type" : "11943",
            "identity" : 1242
          }
        }
      },
      "visible" : true
    },
    "7" : {
      "important_action_type" : "action_in_line_of_succession_for_title",
      "player" : 1,
      "character" : 16317,
      "scope" : {
        "root" : {
          "type" : "11942",
          "identity" : 16317
        },
        "seed" : 0,
        "event_targets" : {
          "actor" : {
            "type" : "11942",
            "identity" : 16317
          },
          "landed_title" : {
            "type" : "11943",
            "identity" : 1238
          }
        }
      },
      "visible" : true
    },
    "8" : {
      "important_action_type" : "action_in_line_of_succession_for_title",
      "player" : 1,
      "character" : 16317,
      "scope" : {
        "root" : {
          "type" : "11942",
          "identity" : 16317
        },
        "seed" : 0,
        "event_targets" : {
          "actor" : {
            "type" : "11942",
            "identity" : 16317
          },
          "landed_title" : {
            "type" : "11943",
            "identity" : 1245
          }
        }
      },
      "visible" : true
    },
    "9" : {
      "important_action_type" : "action_can_choose_lifestyle",
      "player" : 1,
      "character" : 16317,
      "scope" : {
        "root" : {
          "type" : "11942",
          "identity" : 16317
        },
        "seed" : 0,
        "event_targets" : {
          "actor" : {
            "type" : "11942",
            "identity" : 16317
          }
        }
      },
      "visible" : true
    },
    "10" : {
      "important_action_type" : "action_can_assign_guardian",
      "player" : 1,
      "character" : 16317,
      "scope" : {
        "root" : {
          "type" : "11942",
          "identity" : 16317
        },
        "seed" : 0,
        "event_targets" : {
          "actor" : {
            "type" : "11942",
            "identity" : 16317
          },
          "recipient" : {
            "type" : "11942",
            "identity" : 18844
          },
          "secondary_recipient" : {
            "type" : "11942",
            "identity" : 18844
          }
        }
      },
      "visible" : true
    },
    "11" : {
      "important_action_type" : "action_can_assign_guardian",
      "player" : 1,
      "character" : 16317,
      "scope" : {
        "root" : {
          "type" : "11942",
          "identity" : 16317
        },
        "seed" : 0,
        "event_targets" : {
          "actor" : {
            "type" : "11942",
            "identity" : 16317
          },
          "recipient" : {
            "type" : "11942",
            "identity" : 19149
          },
          "secondary_recipient" : {
            "type" : "11942",
            "identity" : 19149
          }
        }
      },
      "visible" : true
    },
    "12" : {
      "important_action_type" : "action_can_propose_alliance_to_family_member",
      "player" : 1,
      "character" : 16317,
      "scope" : {
        "root" : {
          "type" : "11942",
          "identity" : 16317
        },
        "seed" : 0,
        "event_targets" : {
          "actor" : {
            "type" : "11942",
            "identity" : 16317
          },
          "recipient" : {
            "type" : "11942",
            "identity" : 16893
          }
        }
      },
      "visible" : true
    },
    "13" : {
      "important_action_type" : "action_can_propose_alliance_to_family_member",
      "player" : 1,
      "character" : 16317,
      "scope" : {
        "root" : {
          "type" : "11942",
          "identity" : 16317
        },
        "seed" : 0,
        "event_targets" : {
          "actor" : {
            "type" : "11942",
            "identity" : 16317
          },
          "recipient" : {
            "type" : "11942",
            "identity" : 16528
          }
        }
      },
      "visible" : true
    },
    "14" : {
      "important_action_type" : "action_reactive_advice_encyclopedia",
      "player" : 1,
      "character" : 16317,
      "scope" : {
        "root" : {
          "type" : "11942",
          "identity" : 16317
        },
        "seed" : 0,
        "event_targets" : {
          "actor" : {
            "type" : "11942",
            "identity" : 16317
          }
        }
      },
      "visible" : true
    },
    "15" : {
      "important_action_type" : "action_not_endorsed_by_realm_priest",
      "player" : 1,
      "character" : 16317,
      "scope" : {
        "root" : {
          "type" : "11942",
          "identity" : 16317
        },
        "seed" : 0,
        "event_targets" : {
          "actor" : {
            "type" : "11942",
            "identity" : 16317
          },
          "recipient" : {
            "type" : "11942",
            "identity" : 38992
          }
        }
      },
      "visible" : true
    },
    "16" : {
      "important_action_type" : "action_can_create_title",
      "player" : 1,
      "character" : 16317,
      "scope" : {
        "root" : {
          "type" : "11942",
          "identity" : 16317
        },
        "seed" : 0,
        "event_targets" : {
          "landed_title" : {
            "type" : "11943",
            "identity" : 1237
          }
        }
      },
      "visible" : true
    },
    "17" : {
      "important_action_type" : "action_has_any_display_cb_on",
      "player" : 1,
      "character" : 16317,
      "scope" : {
        "root" : {
          "type" : "11942",
          "identity" : 16317
        },
        "seed" : 0,
        "event_targets" : {
          "actor" : {
            "type" : "11942",
            "identity" : 16317
          },
          "recipient" : {
            "type" : "11942",
            "identity" : 18633
          }
        }
      },
      "visible" : true
    }
  }
}