{
  "mercenary_companies" : {
    "0" : {
      "culture_group_name" : 0,
      "culture" : 0,
      "county" : 9791,
      "size" : 1,
      "title" : 12029,
      "regiments" : [ 14740, 14741, 14742 ]
    },
    "1" : {
      "culture_group_name" : 1,
      "culture" : 0,
      "county" : 9796,
      "size" : 0,
      "title" : 12030,
      "regiments" : [ 14743, 14744 ]
    },
    "2" : {
      "culture_group_name" : 2,
      "culture" : 1,
      "county" : 9628,
      "size" : 1,
      "title" : 12031,
      "regiments" : [ 14745, 14746, 14747 ]
    },
    "3" : {
      "culture" : 1,
      "county" : 9769,
      "size" : 0,
      "title" : 12032,
      "regiments" : [ 14748, 14749 ]
    },
    "4" : {
      "culture" : 2,
      "county" : 9750,
      "size" : 1,
      "title" : 12033,
      "regiments" : [ 14750, 14751, 14752 ]
    },
    "5" : {
      "culture" : 2,
      "county" : 9829,
      "size" : 0,
      "title" : 12034,
      "regiments" : [ 14753, 14754 ]
    },
    "6" : {
      "culture_name" : 0,
      "culture" : 3,
      "county" : 8069,
      "size" : 2,
      "title" : 12035,
      "regiments" : [ 14755, 14756, 14757, 14758 ]
    },
    "7" : {
      "culture_name" : 1,
      "culture" : 3,
      "county" : 8267,
      "size" : 1,
      "title" : 12036,
      "regiments" : [ 14759, 14760, 14761 ]
    },
    "8" : {
      "culture_group_name" : 0,
      "culture" : 3,
      "county" : 6220,
      "size" : 0,
      "title" : 12037,
      "regiments" : [ 14762, 14763 ]
    },
    "9" : {
      "culture_name" : 0,
      "culture" : 4,
      "county" : 6300,
      "size" : 2,
      "title" : 12038,
      "regiments" : [ 14764, 14765, 14766, 14767 ]
    },
    "10" : {
      "culture_name" : 1,
      "culture" : 4,
      "county" : 8480,
      "size" : 1,
      "title" : 12039,
      "regiments" : [ 14768, 14769, 14770 ]
    },
    "11" : {
      "culture_name" : 2,
      "culture" : 4,
      "county" : 8021,
      "size" : 0,
      "title" : 12040,
      "regiments" : [ 14771, 14772 ]
    },
    "12" : {
      "culture_name" : 0,
      "culture" : 5,
      "county" : 8362,
      "size" : 2,
      "title" : 12041,
      "regiments" : [ 14773, 14774, 14775, 14776 ]
    },
    "13" : {
      "culture_name" : 1,
      "culture" : 5,
      "county" : 8291,
      "size" : 1,
      "title" : 12042,
      "regiments" : [ 14777, 14778, 14779 ]
    },
    "14" : {
      "culture" : 5,
      "county" : 8296,
      "size" : 0,
      "title" : 12043,
      "regiments" : [ 14780, 14781 ]
    },
    "15" : {
      "culture_name" : 0,
      "culture" : 6,
      "county" : 7782,
      "size" : 0,
      "title" : 12044,
      "regiments" : [ 14782, 14783 ]
    },
    "16" : {
      "culture_name" : 0,
      "culture" : 7,
      "county" : 7229,
      "size" : 2,
      "title" : 12045,
      "regiments" : [ 14784, 14785, 14786, 14787 ]
    },
    "17" : {
      "culture_name" : 1,
      "culture" : 7,
      "county" : 7354,
      "size" : 1,
      "title" : 12046,
      "regiments" : [ 14788, 14789, 14790 ]
    },
    "18" : {
      "culture_name" : 2,
      "culture" : 7,
      "county" : 7413,
      "size" : 0,
      "title" : 12047,
      "regiments" : [ 14791, 14792 ]
    },
    "19" : {
      "culture" : 8,
      "county" : 8250,
      "size" : 1,
      "title" : 12048,
      "regiments" : [ 14793, 14794, 14795 ]
    },
    "20" : {
      "culture" : 8,
      "county" : 8197,
      "size" : 0,
      "title" : 12049,
      "regiments" : [ 14796, 14797 ]
    },
    "21" : {
      "culture_group_name" : 0,
      "culture" : 9,
      "county" : 3304,
      "size" : 1,
      "title" : 12050,
      "regiments" : [ 14798, 14799, 14800 ]
    },
    "22" : {
      "culture_group_name" : 1,
      "culture" : 9,
      "county" : 3278,
      "size" : 0,
      "title" : 12051,
      "regiments" : [ 14801, 14802 ]
    },
    "23" : {
      "culture_group_name" : 2,
      "culture" : 10,
      "county" : 3218,
      "size" : 1,
      "title" : 12052,
      "regiments" : [ 14803, 14804, 14805 ]
    },
    "24" : {
      "culture" : 10,
      "county" : 3319,
      "size" : 0,
      "title" : 12053,
      "regiments" : [ 14806, 14807 ]
    },
    "25" : {
      "culture" : 11,
      "county" : 3267,
      "size" : 1,
      "title" : 12054,
      "regiments" : [ 14808, 14809, 14810 ]
    },
    "26" : {
      "culture" : 11,
      "county" : 3313,
      "size" : 0,
      "title" : 12055,
      "regiments" : [ 14811, 14812 ]
    },
    "27" : {
      "culture" : 12,
      "county" : 2882,
      "size" : 2,
      "title" : 12056,
      "regiments" : [ 14813, 14814, 14815, 14816 ]
    },
    "28" : {
      "culture" : 12,
      "county" : 2890,
      "size" : 1,
      "title" : 12057,
      "regiments" : [ 14817, 14818, 14819 ]
    },
    "29" : {
      "culture" : 12,
      "county" : 2863,
      "size" : 0,
      "title" : 12058,
      "regiments" : [ 14820, 14821 ]
    },
    "30" : {
      "culture" : 13,
      "county" : 2612,
      "size" : 2,
      "title" : 12059,
      "regiments" : [ 14822, 14823, 14824, 14825 ]
    },
    "31" : {
      "culture" : 13,
      "county" : 2626,
      "size" : 1,
      "title" : 12060,
      "regiments" : [ 14826, 14827, 14828 ]
    },
    "32" : {
      "culture" : 13,
      "county" : 2582,
      "size" : 0,
      "title" : 12061,
      "regiments" : [ 14829, 14830 ]
    },
    "33" : {
      "culture" : 14,
      "county" : 2949,
      "size" : 1,
      "title" : 12062,
      "regiments" : [ 14831, 14832, 14833 ]
    },
    "34" : {
      "culture" : 14,
      "county" : 3515,
      "size" : 0,
      "title" : 12063,
      "regiments" : [ 14834, 14835 ]
    },
    "35" : {
      "culture" : 16,
      "county" : 3531,
      "size" : 1,
      "title" : 12064,
      "regiments" : [ 14836, 14837, 14838 ]
    },
    "36" : {
      "culture" : 16,
      "county" : 3713,
      "size" : 0,
      "title" : 12065,
      "regiments" : [ 14839, 14840 ]
    },
    "37" : {
      "culture_name" : 0,
      "culture" : 17,
      "county" : 7878,
      "size" : 2,
      "title" : 12066,
      "regiments" : [ 14841, 14842, 14843, 14844 ]
    },
    "38" : {
      "culture_name" : 1,
      "culture" : 17,
      "county" : 7934,
      "size" : 1,
      "title" : 12067,
      "regiments" : [ 14845, 14846, 14847 ]
    },
    "39" : {
      "culture_name" : 2,
      "culture" : 17,
      "county" : 7846,
      "size" : 0,
      "title" : 12068,
      "regiments" : [ 14848, 14849 ]
    },
    "40" : {
      "culture_name" : 0,
      "culture" : 18,
      "county" : 7734,
      "size" : 2,
      "title" : 12069,
      "regiments" : [ 14850, 14851, 14852, 14853 ]
    },
    "41" : {
      "culture_name" : 1,
      "culture" : 18,
      "county" : 7681,
      "size" : 1,
      "title" : 12070,
      "regiments" : [ 14854, 14855, 14856 ]
    },
    "42" : {
      "culture_group_name" : 0,
      "culture" : 18,
      "county" : 2172,
      "size" : 0,
      "title" : 12071,
      "regiments" : [ 14857, 14858 ]
    },
    "43" : {
      "culture" : 19,
      "county" : 9200,
      "size" : 1,
      "title" : 12072,
      "regiments" : [ 14859, 14860, 14861 ]
    },
    "44" : {
      "culture" : 19,
      "county" : 7949,
      "size" : 0,
      "title" : 12073,
      "regiments" : [ 14862, 14863 ]
    },
    "45" : {
      "culture_name" : 0,
      "culture" : 21,
      "county" : 294,
      "size" : 1,
      "title" : 12074,
      "regiments" : [ 14864, 14865, 14866 ]
    },
    "46" : {
      "culture_name" : 1,
      "culture" : 21,
      "county" : 319,
      "size" : 0,
      "title" : 12075,
      "regiments" : [ 14867, 14868 ]
    },
    "47" : {
      "culture_name" : 0,
      "culture" : 22,
      "county" : 7093,
      "size" : 0,
      "title" : 12076,
      "regiments" : [ 14869, 14870 ]
    },
    "48" : {
      "culture_name" : 0,
      "culture" : 23,
      "county" : 265,
      "size" : 0,
      "title" : 12077,
      "regiments" : [ 14871, 14872 ]
    },
    "49" : {
      "culture" : 24,
      "county" : 367,
      "size" : 0,
      "title" : 12078,
      "regiments" : [ 14873, 14874 ]
    },
    "50" : {
      "culture_name" : 0,
      "culture" : 25,
      "county" : 10934,
      "size" : 2,
      "title" : 12079,
      "regiments" : [ 14875, 14876, 14877, 14878 ]
    },
    "51" : {
      "culture_name" : 1,
      "culture" : 25,
      "county" : 10891,
      "size" : 1,
      "title" : 12080,
      "regiments" : [ 14879, 14880, 14881 ]
    },
    "52" : {
      "culture_group_name" : 0,
      "culture" : 25,
      "county" : 10909,
      "size" : 0,
      "title" : 12081,
      "regiments" : [ 14882, 14883 ]
    },
    "53" : {
      "culture_name" : 0,
      "culture" : 26,
      "county" : 10959,
      "size" : 0,
      "title" : 12082,
      "regiments" : [ 14884, 14885 ]
    },
    "54" : {
      "culture_group_name" : 0,
      "culture" : 27,
      "county" : 2074,
      "size" : 2,
      "title" : 12083,
      "regiments" : [ 14886, 14887, 14888, 14889 ]
    },
    "55" : {
      "culture_group_name" : 1,
      "culture" : 27,
      "county" : 8445,
      "size" : 1,
      "title" : 12084,
      "regiments" : [ 14890, 14891, 14892 ]
    },
    "56" : {
      "culture" : 27,
      "county" : 2035,
      "size" : 0,
      "title" : 12085,
      "regiments" : [ 14893, 14894 ]
    },
    "57" : {
      "culture_name" : 0,
      "culture" : 28,
      "county" : 1307,
      "size" : 2,
      "title" : 12086,
      "regiments" : [ 14895, 14896, 14897, 14898 ]
    },
    "58" : {
      "culture_name" : 1,
      "culture" : 28,
      "county" : 2013,
      "size" : 1,
      "title" : 12087,
      "regiments" : [ 14899, 14900, 14901 ]
    },
    "59" : {
      "culture_name" : 2,
      "culture" : 28,
      "county" : 1414,
      "size" : 0,
      "title" : 12088,
      "regiments" : [ 14902, 14903 ]
    },
    "60" : {
      "culture" : 29,
      "county" : 3874,
      "size" : 0,
      "title" : 12089,
      "regiments" : [ 14904, 14905 ]
    },
    "61" : {
      "culture_name" : 0,
      "culture" : 30,
      "county" : 2127,
      "size" : 1,
      "title" : 12090,
      "regiments" : [ 14906, 14907, 14908 ]
    },
    "62" : {
      "culture" : 30,
      "county" : 2123,
      "size" : 0,
      "title" : 12091,
      "regiments" : [ 14909, 14910 ]
    },
    "63" : {
      "culture" : 31,
      "county" : 6180,
      "size" : 0,
      "title" : 12092,
      "regiments" : [ 14911, 14912 ]
    },
    "64" : {
      "culture_group_name" : 0,
      "culture" : 32,
      "county" : 9004,
      "size" : 0,
      "title" : 12093,
      "regiments" : [ 14913, 14914 ]
    },
    "65" : {
      "culture_group_name" : 1,
      "culture" : 33,
      "county" : 10012,
      "size" : 1,
      "title" : 12094,
      "regiments" : [ 14915, 14916, 14917 ]
    },
    "66" : {
      "culture_group_name" : 2,
      "culture" : 33,
      "county" : 9116,
      "size" : 0,
      "title" : 12095,
      "regiments" : [ 14918, 14919 ]
    },
    "67" : {
      "culture_group_name" : 3,
      "culture" : 34,
      "county" : 9092,
      "size" : 2,
      "title" : 12096,
      "regiments" : [ 14920, 14921, 14922, 14923 ]
    },
    "68" : {
      "culture_group_name" : 4,
      "culture" : 34,
      "county" : 9102,
      "size" : 1,
      "title" : 12097,
      "regiments" : [ 14924, 14925, 14926 ]
    },
    "69" : {
      "culture" : 34,
      "county" : 9070,
      "size" : 0,
      "title" : 12098,
      "regiments" : [ 14927, 14928 ]
    },
    "70" : {
      "culture" : 35,
      "county" : 9984,
      "size" : 0,
      "title" : 12099,
      "regiments" : [ 14929, 14930 ]
    },
    "71" : {
      "culture_name" : 0,
      "culture" : 36,
      "county" : 596,
      "size" : 2,
      "title" : 12100,
      "regiments" : [ 14931, 14932, 14933, 14934 ]
    },
    "72" : {
      "culture_name" : 1,
      "culture" : 36,
      "county" : 551,
      "size" : 1,
      "title" : 12101,
      "regiments" : [ 14935, 14936, 14937 ]
    },
    "73" : {
      "culture_name" : 2,
      "culture" : 36,
      "county" : 508,
      "size" : 0,
      "title" : 12102,
      "regiments" : [ 14938, 14939 ]
    },
    "74" : {
      "culture_name" : 0,
      "culture" : 37,
      "county" : 1050,
      "size" : 2,
      "title" : 12103,
      "regiments" : [ 14940, 14941, 14942, 14943 ]
    },
    "75" : {
      "culture_name" : 1,
      "culture" : 37,
      "county" : 783,
      "size" : 1,
      "title" : 12104,
      "regiments" : [ 14944, 14945, 14946 ]
    },
    "76" : {
      "culture_name" : 2,
      "culture" : 37,
      "county" : 1063,
      "size" : 0,
      "title" : 12105,
      "regiments" : [ 14947, 14948 ]
    },
    "77" : {
      "culture_name" : 0,
      "culture" : 38,
      "county" : 1172,
      "size" : 2,
      "title" : 12106,
      "regiments" : [ 14949, 14950, 14951, 14952 ]
    },
    "78" : {
      "culture_name" : 1,
      "culture" : 38,
      "county" : 7183,
      "size" : 1,
      "title" : 12107,
      "regiments" : [ 14953, 14954, 14955 ]
    },
    "79" : {
      "culture_name" : 2,
      "culture" : 38,
      "county" : 928,
      "size" : 0,
      "title" : 12108,
      "regiments" : [ 14956, 14957 ]
    },
    "80" : {
      "culture_name" : 0,
      "culture" : 39,
      "county" : 943,
      "size" : 2,
      "title" : 12109,
      "regiments" : [ 14958, 14959, 14960, 14961 ]
    },
    "81" : {
      "culture_name" : 1,
      "culture" : 39,
      "county" : 886,
      "size" : 1,
      "title" : 12110,
      "regiments" : [ 14962, 14963, 14964 ]
    },
    "82" : {
      "culture_name" : 2,
      "culture" : 39,
      "county" : 869,
      "size" : 0,
      "title" : 12111,
      "regiments" : [ 14965, 14966 ]
    },
    "83" : {
      "culture_name" : 0,
      "culture" : 41,
      "county" : 6899,
      "size" : 2,
      "title" : 12112,
      "regiments" : [ 14967, 14968, 14969, 14970 ]
    },
    "84" : {
      "culture_name" : 1,
      "culture" : 41,
      "county" : 692,
      "size" : 1,
      "title" : 12113,
      "regiments" : [ 14971, 14972, 14973 ]
    },
    "85" : {
      "culture_name" : 2,
      "culture" : 41,
      "county" : 724,
      "size" : 0,
      "title" : 12114,
      "regiments" : [ 14974, 14975 ]
    },
    "86" : {
      "culture" : 43,
      "county" : 12012,
      "size" : 1,
      "title" : 12115,
      "regiments" : [ 14976, 14977, 14978 ]
    },
    "87" : {
      "culture" : 43,
      "county" : 11937,
      "size" : 0,
      "title" : 12116,
      "regiments" : [ 14979, 14980 ]
    },
    "88" : {
      "culture_group_name" : 0,
      "culture" : 44,
      "county" : 11121,
      "size" : 1,
      "title" : 12117,
      "regiments" : [ 14981, 14982, 14983 ]
    },
    "89" : {
      "culture_group_name" : 1,
      "culture" : 44,
      "county" : 11145,
      "size" : 0,
      "title" : 12118,
      "regiments" : [ 14984, 14985 ]
    },
    "90" : {
      "culture_group_name" : 2,
      "culture" : 45,
      "county" : 11213,
      "size" : 1,
      "title" : 12119,
      "regiments" : [ 14986, 14987, 14988 ]
    },
    "91" : {
      "culture_group_name" : 3,
      "culture" : 45,
      "county" : 11203,
      "size" : 0,
      "title" : 12120,
      "regiments" : [ 14989, 14990 ]
    },
    "92" : {
      "culture_group_name" : 4,
      "culture" : 46,
      "county" : 11009,
      "size" : 2,
      "title" : 12121,
      "regiments" : [ 14991, 14992, 14993, 14994 ]
    },
    "93" : {
      "culture_group_name" : 5,
      "culture" : 46,
      "county" : 11180,
      "size" : 1,
      "title" : 12122,
      "regiments" : [ 14995, 14996, 14997 ]
    },
    "94" : {
      "culture_group_name" : 6,
      "culture" : 46,
      "county" : 11071,
      "size" : 0,
      "title" : 12123,
      "regiments" : [ 14998, 14999 ]
    },
    "95" : {
      "culture_name" : 0,
      "culture" : 47,
      "county" : 8818,
      "size" : 2,
      "title" : 12124,
      "regiments" : [ 15000, 15001, 15002, 15003 ]
    },
    "96" : {
      "culture_name" : 1,
      "culture" : 47,
      "county" : 8559,
      "size" : 1,
      "title" : 12125,
      "regiments" : [ 15004, 15005, 15006 ]
    },
    "97" : {
      "culture" : 47,
      "county" : 8528,
      "size" : 0,
      "title" : 12126,
      "regiments" : [ 15007, 15008 ]
    },
    "98" : {
      "culture_name" : 0,
      "culture" : 48,
      "county" : 8714,
      "size" : 2,
      "title" : 12127,
      "regiments" : [ 15009, 15010, 15011, 15012 ]
    },
    "99" : {
      "culture_name" : 1,
      "culture" : 48,
      "county" : 8631,
      "size" : 1,
      "title" : 12128,
      "regiments" : [ 15013, 15014, 15015 ]
    },
    "100" : {
      "culture_name" : 2,
      "culture" : 48,
      "county" : 8620,
      "size" : 0,
      "title" : 12129,
      "regiments" : [ 15016, 15017 ]
    },
    "101" : {
      "culture_name" : 0,
      "culture" : 49,
      "county" : 8801,
      "size" : 2,
      "title" : 12130,
      "regiments" : [ 15018, 15019, 15020, 15021 ]
    },
    "102" : {
      "culture_name" : 1,
      "culture" : 49,
      "county" : 8993,
      "size" : 1,
      "title" : 12131,
      "regiments" : [ 15022, 15023, 15024 ]
    },
    "103" : {
      "culture_name" : 2,
      "culture" : 49,
      "county" : 8784,
      "size" : 0,
      "title" : 12132,
      "regiments" : [ 15025, 15026 ]
    },
    "104" : {
      "culture_name" : 0,
      "culture" : 50,
      "county" : 9179,
      "size" : 1,
      "title" : 12133,
      "regiments" : [ 15027, 15028, 15029 ]
    },
    "105" : {
      "culture_name" : 1,
      "culture" : 50,
      "county" : 9163,
      "size" : 0,
      "title" : 12134,
      "regiments" : [ 15030, 15031 ]
    },
    "106" : {
      "culture_group_name" : 0,
      "culture" : 51,
      "county" : 3673,
      "size" : 2,
      "title" : 12135,
      "regiments" : [ 15032, 15033, 15034, 15035 ]
    },
    "107" : {
      "culture_group_name" : 1,
      "culture" : 51,
      "county" : 3330,
      "size" : 1,
      "title" : 12136,
      "regiments" : [ 15036, 15037, 15038 ]
    },
    "108" : {
      "culture_group_name" : 2,
      "culture" : 51,
      "county" : 6411,
      "size" : 0,
      "title" : 12137,
      "regiments" : [ 15039, 15040 ]
    },
    "109" : {
      "culture_name" : 0,
      "culture" : 56,
      "county" : 6865,
      "size" : 2,
      "title" : 12138,
      "regiments" : [ 15041, 15042, 15043, 15044 ]
    },
    "110" : {
      "culture_name" : 1,
      "culture" : 56,
      "county" : 6712,
      "size" : 1,
      "title" : 12139,
      "regiments" : [ 15045, 15046, 15047 ]
    },
    "111" : {
      "culture_name" : 2,
      "culture" : 56,
      "county" : 6734,
      "size" : 0,
      "title" : 12140,
      "regiments" : [ 15048, 15049 ]
    },
    "112" : {
      "culture_name" : 0,
      "culture" : 57,
      "county" : 6789,
      "size" : 1,
      "title" : 12141,
      "regiments" : [ 15050, 15051, 15052 ]
    },
    "113" : {
      "culture_name" : 1,
      "culture" : 57,
      "county" : 6777,
      "size" : 0,
      "title" : 12142,
      "regiments" : [ 15053, 15054 ]
    },
    "114" : {
      "culture_name" : 0,
      "culture" : 58,
      "county" : 6963,
      "size" : 2,
      "title" : 12143,
      "regiments" : [ 15055, 15056, 15057, 15058 ]
    },
    "115" : {
      "culture_name" : 1,
      "culture" : 58,
      "county" : 7033,
      "size" : 1,
      "title" : 12144,
      "regiments" : [ 15059, 15060, 15061 ]
    },
    "116" : {
      "culture_name" : 2,
      "culture" : 58,
      "county" : 6997,
      "size" : 0,
      "title" : 12145,
      "regiments" : [ 15062, 15063 ]
    },
    "117" : {
      "culture_name" : 0,
      "culture" : 60,
      "county" : 435,
      "size" : 1,
      "title" : 12146,
      "regiments" : [ 15064, 15065, 15066 ]
    },
    "118" : {
      "culture_name" : 1,
      "culture" : 60,
      "county" : 448,
      "size" : 0,
      "title" : 12147,
      "regiments" : [ 15067, 15068 ]
    },
    "119" : {
      "culture_name" : 0,
      "culture" : 61,
      "county" : 360,
      "size" : 2,
      "title" : 12148,
      "regiments" : [ 15069, 15070, 15071, 15072 ]
    },
    "120" : {
      "culture_name" : 1,
      "culture" : 61,
      "county" : 413,
      "size" : 1,
      "title" : 12149,
      "regiments" : [ 15073, 15074, 15075 ]
    },
    "121" : {
      "culture" : 61,
      "county" : 417,
      "size" : 0,
      "title" : 12150,
      "regiments" : [ 15076, 15077 ]
    },
    "122" : {
      "culture_name" : 0,
      "culture" : 62,
      "county" : 7477,
      "size" : 0,
      "title" : 12151,
      "regiments" : [ 15078, 15079 ]
    },
    "123" : {
      "culture_name" : 0,
      "culture" : 63,
      "county" : 7470,
      "size" : 1,
      "title" : 12152,
      "regiments" : [ 15080, 15081, 15082 ]
    },
    "124" : {
      "culture_name" : 1,
      "culture" : 63,
      "county" : 7375,
      "size" : 0,
      "title" : 12153,
      "regiments" : [ 15083, 15084 ]
    },
    "125" : {
      "culture_name" : 0,
      "culture" : 64,
      "county" : 7448,
      "size" : 0,
      "title" : 12154,
      "regiments" : [ 15085, 15086 ]
    },
    "126" : {
      "culture_group_name" : 0,
      "culture" : 67,
      "county" : 7532,
      "size" : 1,
      "title" : 12155,
      "regiments" : [ 15087, 15088, 15089 ]
    },
    "127" : {
      "culture_group_name" : 1,
      "culture" : 67,
      "county" : 7548,
      "size" : 0,
      "title" : 12156,
      "regiments" : [ 15090, 15091 ]
    },
    "128" : {
      "culture" : 68,
      "county" : 7500,
      "size" : 1,
      "title" : 12157,
      "regiments" : [ 15092, 15093, 15094 ]
    },
    "129" : {
      "culture" : 68,
      "county" : 7483,
      "size" : 0,
      "title" : 12158,
      "regiments" : [ 15095, 15096 ]
    },
    "130" : {
      "culture" : 69,
      "county" : 7417,
      "size" : 0,
      "title" : 12159,
      "regiments" : [ 15097, 15098 ]
    },
    "131" : {
      "culture_name" : 0,
      "culture" : 71,
      "county" : 10751,
      "size" : 2,
      "title" : 12160,
      "regiments" : [ 15099, 15100, 15101, 15102 ]
    },
    "132" : {
      "culture_name" : 1,
      "culture" : 71,
      "county" : 10611,
      "size" : 1,
      "title" : 12161,
      "regiments" : [ 15103, 15104, 15105 ]
    },
    "133" : {
      "culture_group_name" : 0,
      "culture" : 71,
      "county" : 10716,
      "size" : 0,
      "title" : 12162,
      "regiments" : [ 15106, 15107 ]
    },
    "134" : {
      "culture_name" : 0,
      "culture" : 72,
      "county" : 10854,
      "size" : 2,
      "title" : 12163,
      "regiments" : [ 15108, 15109, 15110, 15111 ]
    },
    "135" : {
      "culture_name" : 1,
      "culture" : 72,
      "county" : 10812,
      "size" : 1,
      "title" : 12164,
      "regiments" : [ 15112, 15113, 15114 ]
    },
    "136" : {
      "culture_group_name" : 1,
      "culture" : 72,
      "county" : 10784,
      "size" : 0,
      "title" : 12165,
      "regiments" : [ 15115, 15116 ]
    },
    "137" : {
      "culture" : 73,
      "county" : 10683,
      "size" : 1,
      "title" : 12166,
      "regiments" : [ 15117, 15118, 15119 ]
    },
    "138" : {
      "culture" : 73,
      "county" : 10662,
      "size" : 0,
      "title" : 12167,
      "regiments" : [ 15120, 15121 ]
    },
    "139" : {
      "culture_name" : 0,
      "culture" : 74,
      "county" : 10440,
      "size" : 2,
      "title" : 12168,
      "regiments" : [ 15122, 15123, 15124, 15125 ]
    },
    "140" : {
      "culture_name" : 1,
      "culture" : 74,
      "county" : 10172,
      "size" : 1,
      "title" : 12169,
      "regiments" : [ 15126, 15127, 15128 ]
    },
    "141" : {
      "culture_name" : 2,
      "culture" : 74,
      "county" : 10765,
      "size" : 0,
      "title" : 12170,
      "regiments" : [ 15129, 15130 ]
    },
    "142" : {
      "culture_name" : 0,
      "culture" : 75,
      "county" : 10244,
      "size" : 1,
      "title" : 12171,
      "regiments" : [ 15131, 15132, 15133 ]
    },
    "143" : {
      "culture_name" : 1,
      "culture" : 75,
      "county" : 10269,
      "size" : 0,
      "title" : 12172,
      "regiments" : [ 15134, 15135 ]
    },
    "144" : {
      "culture_name" : 0,
      "culture" : 76,
      "county" : 10145,
      "size" : 2,
      "title" : 12173,
      "regiments" : [ 15136, 15137, 15138, 15139 ]
    },
    "145" : {
      "culture_name" : 1,
      "culture" : 76,
      "county" : 10542,
      "size" : 1,
      "title" : 12174,
      "regiments" : [ 15140, 15141, 15142 ]
    },
    "146" : {
      "culture" : 76,
      "county" : 10070,
      "size" : 0,
      "title" : 12175,
      "regiments" : [ 15143, 15144 ]
    },
    "147" : {
      "culture_name" : 0,
      "culture" : 77,
      "county" : 10327,
      "size" : 2,
      "title" : 12176,
      "regiments" : [ 15145, 15146, 15147, 15148 ]
    },
    "148" : {
      "culture_name" : 1,
      "culture" : 77,
      "county" : 10332,
      "size" : 1,
      "title" : 12177,
      "regiments" : [ 15149, 15150, 15151 ]
    },
    "149" : {
      "culture_name" : 2,
      "culture" : 77,
      "county" : 10321,
      "size" : 0,
      "title" : 12178,
      "regiments" : [ 15152, 15153 ]
    },
    "150" : {
      "culture_name" : 0,
      "culture" : 78,
      "county" : 10027,
      "size" : 1,
      "title" : 12179,
      "regiments" : [ 15154, 15155, 15156 ]
    },
    "151" : {
      "culture_name" : 1,
      "culture" : 78,
      "county" : 10058,
      "size" : 0,
      "title" : 12180,
      "regiments" : [ 15157, 15158 ]
    },
    "152" : {
      "culture_name" : 0,
      "culture" : 79,
      "county" : 10411,
      "size" : 2,
      "title" : 12181,
      "regiments" : [ 15159, 15160, 15161, 15162 ]
    },
    "153" : {
      "culture_name" : 1,
      "culture" : 79,
      "county" : 11047,
      "size" : 1,
      "title" : 12182,
      "regiments" : [ 15163, 15164, 15165 ]
    },
    "154" : {
      "culture_name" : 2,
      "culture" : 79,
      "county" : 10991,
      "size" : 0,
      "title" : 12183,
      "regiments" : [ 15166, 15167 ]
    },
    "155" : {
      "culture_name" : 0,
      "culture" : 80,
      "county" : 10555,
      "size" : 1,
      "title" : 12184,
      "regiments" : [ 15168, 15169, 15170 ]
    },
    "156" : {
      "culture_name" : 1,
      "culture" : 80,
      "county" : 10559,
      "size" : 0,
      "title" : 12185,
      "regiments" : [ 15171, 15172 ]
    },
    "157" : {
      "culture_name" : 0,
      "culture" : 81,
      "county" : 11257,
      "size" : 1,
      "title" : 12186,
      "regiments" : [ 15173, 15174, 15175 ]
    },
    "158" : {
      "culture_name" : 1,
      "culture" : 81,
      "county" : 11171,
      "size" : 0,
      "title" : 12187,
      "regiments" : [ 15176, 15177 ]
    },
    "159" : {
      "culture" : 82,
      "county" : 10507,
      "size" : 1,
      "title" : 12188,
      "regiments" : [ 15178, 15179, 15180 ]
    },
    "160" : {
      "culture" : 82,
      "county" : 10476,
      "size" : 0,
      "title" : 12189,
      "regiments" : [ 15181, 15182 ]
    },
    "161" : {
      "culture_name" : 0,
      "culture" : 83,
      "county" : 5685,
      "size" : 2,
      "title" : 12190,
      "regiments" : [ 15183, 15184, 15185, 15186 ]
    },
    "162" : {
      "culture_name" : 1,
      "culture" : 83,
      "county" : 5765,
      "size" : 1,
      "title" : 12191,
      "regiments" : [ 15187, 15188, 15189 ]
    },
    "163" : {
      "culture_group_name" : 0,
      "culture" : 83,
      "county" : 5754,
      "size" : 0,
      "title" : 12192,
      "regiments" : [ 15190, 15191 ]
    },
    "164" : {
      "culture_name" : 0,
      "culture" : 86,
      "county" : 6175,
      "size" : 2,
      "title" : 12193,
      "regiments" : [ 15192, 15193, 15194, 15195 ]
    },
    "165" : {
      "culture_group_name" : 1,
      "culture" : 86,
      "county" : 5814,
      "size" : 1,
      "title" : 12194,
      "regiments" : [ 15196, 15197, 15198 ]
    },
    "166" : {
      "culture_group_name" : 2,
      "culture" : 86,
      "county" : 6344,
      "size" : 0,
      "title" : 12195,
      "regiments" : [ 15199, 15200 ]
    },
    "167" : {
      "culture_name" : 0,
      "culture" : 87,
      "county" : 6143,
      "size" : 2,
      "title" : 12196,
      "regiments" : [ 15201, 15202, 15203, 15204 ]
    },
    "168" : {
      "culture_name" : 1,
      "culture" : 87,
      "county" : 6108,
      "size" : 1,
      "title" : 12197,
      "regiments" : [ 15205, 15206, 15207 ]
    },
    "169" : {
      "culture" : 87,
      "county" : 5495,
      "size" : 0,
      "title" : 12198,
      "regiments" : [ 15208, 15209 ]
    },
    "170" : {
      "culture_name" : 0,
      "culture" : 88,
      "county" : 6091,
      "size" : 1,
      "title" : 12199,
      "regiments" : [ 15210, 15211, 15212 ]
    },
    "171" : {
      "culture_name" : 1,
      "culture" : 88,
      "county" : 6070,
      "size" : 0,
      "title" : 12200,
      "regiments" : [ 15213, 15214 ]
    },
    "172" : {
      "culture_name" : 0,
      "culture" : 90,
      "county" : 5978,
      "size" : 1,
      "title" : 12201,
      "regiments" : [ 15215, 15216, 15217 ]
    },
    "173" : {
      "culture_name" : 1,
      "culture" : 90,
      "county" : 5987,
      "size" : 0,
      "title" : 12202,
      "regiments" : [ 15218, 15219 ]
    },
    "174" : {
      "culture_name" : 0,
      "culture" : 92,
      "county" : 5831,
      "size" : 2,
      "title" : 12203,
      "regiments" : [ 15220, 15221, 15222, 15223 ]
    },
    "175" : {
      "culture_name" : 1,
      "culture" : 92,
      "county" : 5527,
      "size" : 1,
      "title" : 12204,
      "regiments" : [ 15224, 15225, 15226 ]
    },
    "176" : {
      "culture" : 92,
      "county" : 5835,
      "size" : 0,
      "title" : 12205,
      "regiments" : [ 15227, 15228 ]
    },
    "177" : {
      "culture_name" : 0,
      "culture" : 95,
      "county" : 2335,
      "size" : 2,
      "title" : 12206,
      "regiments" : [ 15229, 15230, 15231, 15232 ]
    },
    "178" : {
      "culture_name" : 1,
      "culture" : 95,
      "county" : 2448,
      "size" : 1,
      "title" : 12207,
      "regiments" : [ 15233, 15234, 15235 ]
    },
    "179" : {
      "culture_name" : 2,
      "culture" : 95,
      "county" : 2340,
      "size" : 0,
      "title" : 12208,
      "regiments" : [ 15236, 15237 ]
    },
    "180" : {
      "culture_name" : 0,
      "culture" : 97,
      "county" : 7142,
      "size" : 2,
      "title" : 12209,
      "regiments" : [ 15238, 15239, 15240, 15241 ]
    },
    "181" : {
      "culture_name" : 1,
      "culture" : 97,
      "county" : 7116,
      "size" : 1,
      "title" : 12210,
      "regiments" : [ 15242, 15243, 15244 ]
    },
    "182" : {
      "culture_name" : 2,
      "culture" : 97,
      "county" : 2304,
      "size" : 0,
      "title" : 12211,
      "regiments" : [ 15245, 15246 ]
    },
    "183" : {
      "culture_name" : 0,
      "culture" : 98,
      "county" : 2368,
      "size" : 1,
      "title" : 12212,
      "regiments" : [ 15247, 15248, 15249 ]
    },
    "184" : {
      "culture_group_name" : 0,
      "culture" : 98,
      "county" : 2361,
      "size" : 0,
      "title" : 12213,
      "regiments" : [ 15250, 15251 ]
    },
    "185" : {
      "culture_name" : 0,
      "culture" : 99,
      "county" : 2160,
      "size" : 1,
      "title" : 12214,
      "regiments" : [ 15252, 15253, 15254 ]
    },
    "186" : {
      "culture_name" : 1,
      "culture" : 99,
      "county" : 2433,
      "size" : 0,
      "title" : 12215,
      "regiments" : [ 15255, 15256 ]
    },
    "187" : {
      "culture_name" : 0,
      "culture" : 100,
      "county" : 2175,
      "size" : 0,
      "title" : 12216,
      "regiments" : [ 15257, 15258 ]
    },
    "188" : {
      "culture_group_name" : 0,
      "culture" : 101,
      "county" : 6654,
      "size" : 0,
      "title" : 12217,
      "regiments" : [ 15259, 15260 ]
    },
    "189" : {
      "culture_group_name" : 1,
      "culture" : 102,
      "county" : 6680,
      "size" : 2,
      "title" : 12218,
      "regiments" : [ 15261, 15262, 15263, 15264 ]
    },
    "190" : {
      "culture_group_name" : 2,
      "culture" : 102,
      "county" : 6545,
      "size" : 1,
      "title" : 12219,
      "regiments" : [ 15265, 15266, 15267 ]
    },
    "191" : {
      "culture" : 102,
      "county" : 6589,
      "size" : 0,
      "title" : 12220,
      "regiments" : [ 15268, 15269 ]
    },
    "192" : {
      "culture_group_name" : 0,
      "culture" : 103,
      "county" : 4878,
      "size" : 2,
      "title" : 12221,
      "regiments" : [ 15270, 15271, 15272, 15273 ]
    },
    "193" : {
      "culture_group_name" : 1,
      "culture" : 103,
      "county" : 4483,
      "size" : 1,
      "title" : 12222,
      "regiments" : [ 15274, 15275, 15276 ]
    },
    "194" : {
      "culture_group_name" : 2,
      "culture" : 103,
      "county" : 4465,
      "size" : 0,
      "title" : 12223,
      "regiments" : [ 15277, 15278 ]
    },
    "195" : {
      "culture_group_name" : 3,
      "culture" : 104,
      "county" : 4702,
      "size" : 2,
      "title" : 12224,
      "regiments" : [ 15279, 15280, 15281, 15282 ]
    },
    "196" : {
      "culture_group_name" : 4,
      "culture" : 104,
      "county" : 4781,
      "size" : 1,
      "title" : 12225,
      "regiments" : [ 15283, 15284, 15285 ]
    },
    "197" : {
      "culture_group_name" : 5,
      "culture" : 104,
      "county" : 4724,
      "size" : 0,
      "title" : 12226,
      "regiments" : [ 15286, 15287 ]
    },
    "198" : {
      "culture_group_name" : 6,
      "culture" : 105,
      "county" : 4528,
      "size" : 0,
      "title" : 12227,
      "regiments" : [ 15288, 15289 ]
    },
    "199" : {
      "culture_group_name" : 7,
      "culture" : 106,
      "county" : 4556,
      "size" : 2,
      "title" : 12228,
      "regiments" : [ 15290, 15291, 15292, 15293 ]
    },
    "200" : {
      "culture_group_name" : 8,
      "culture" : 106,
      "county" : 5227,
      "size" : 1,
      "title" : 12229,
      "regiments" : [ 15294, 15295, 15296 ]
    },
    "201" : {
      "culture_group_name" : 9,
      "culture" : 106,
      "county" : 5058,
      "size" : 0,
      "title" : 12230,
      "regiments" : [ 15297, 15298 ]
    },
    "202" : {
      "culture_group_name" : 10,
      "culture" : 107,
      "county" : 4492,
      "size" : 1,
      "title" : 12231,
      "regiments" : [ 15299, 15300, 15301 ]
    },
    "203" : {
      "culture_group_name" : 11,
      "culture" : 107,
      "county" : 4509,
      "size" : 0,
      "title" : 12232,
      "regiments" : [ 15302, 15303 ]
    },
    "204" : {
      "culture_group_name" : 12,
      "culture" : 109,
      "county" : 11534,
      "size" : 1,
      "title" : 12233,
      "regiments" : [ 15304, 15305, 15306 ]
    },
    "205" : {
      "culture" : 109,
      "county" : 11561,
      "size" : 0,
      "title" : 12234,
      "regiments" : [ 15307, 15308 ]
    },
    "206" : {
      "culture_group_name" : 0,
      "culture" : 111,
      "county" : 2814,
      "size" : 0,
      "title" : 12235,
      "regiments" : [ 15309, 15310 ]
    },
    "207" : {
      "culture_name" : 0,
      "culture" : 112,
      "county" : 2559,
      "size" : 2,
      "title" : 12236,
      "regiments" : [ 15311, 15312, 15313, 15314 ]
    },
    "208" : {
      "culture_group_name" : 1,
      "culture" : 112,
      "county" : 2480,
      "size" : 1,
      "title" : 12237,
      "regiments" : [ 15315, 15316, 15317 ]
    },
    "209" : {
      "culture_group_name" : 2,
      "culture" : 112,
      "county" : 2465,
      "size" : 0,
      "title" : 12238,
      "regiments" : [ 15318, 15319 ]
    },
    "210" : {
      "culture_name" : 0,
      "culture" : 113,
      "county" : 2723,
      "size" : 2,
      "title" : 12239,
      "regiments" : [ 15320, 15321, 15322, 15323 ]
    },
    "211" : {
      "culture_group_name" : 3,
      "culture" : 113,
      "county" : 2818,
      "size" : 1,
      "title" : 12240,
      "regiments" : [ 15324, 15325, 15326 ]
    },
    "212" : {
      "culture_group_name" : 4,
      "culture" : 113,
      "county" : 2804,
      "size" : 0,
      "title" : 12241,
      "regiments" : [ 15327, 15328 ]
    },
    "213" : {
      "culture_name" : 0,
      "culture" : 114,
      "county" : 2680,
      "size" : 2,
      "title" : 12242,
      "regiments" : [ 15329, 15330, 15331, 15332 ]
    },
    "214" : {
      "culture_group_name" : 5,
      "culture" : 114,
      "county" : 2666,
      "size" : 1,
      "title" : 12243,
      "regiments" : [ 15333, 15334, 15335 ]
    },
    "215" : {
      "culture" : 114,
      "county" : 2717,
      "size" : 0,
      "title" : 12244,
      "regiments" : [ 15336, 15337 ]
    },
    "216" : {
      "culture" : 115,
      "county" : 11918,
      "size" : 1,
      "title" : 12245,
      "regiments" : [ 15338, 15339, 15340 ]
    },
    "217" : {
      "culture" : 115,
      "county" : 12009,
      "size" : 0,
      "title" : 12246,
      "regiments" : [ 15341, 15342 ]
    },
    "218" : {
      "culture" : 116,
      "county" : 11650,
      "size" : 1,
      "title" : 12247,
      "regiments" : [ 15343, 15344, 15345 ]
    },
    "219" : {
      "culture" : 116,
      "county" : 11630,
      "size" : 0,
      "title" : 12248,
      "regiments" : [ 15346, 15347 ]
    },
    "220" : {
      "culture_group_name" : 0,
      "culture" : 117,
      "county" : 9378,
      "size" : 1,
      "title" : 12249,
      "regiments" : [ 15348, 15349, 15350 ]
    },
    "221" : {
      "culture_group_name" : 1,
      "culture" : 117,
      "county" : 9336,
      "size" : 0,
      "title" : 12250,
      "regiments" : [ 15351, 15352 ]
    },
    "222" : {
      "culture_group_name" : 2,
      "culture" : 118,
      "county" : 9530,
      "size" : 0,
      "title" : 12251,
      "regiments" : [ 15353, 15354 ]
    },
    "223" : {
      "culture" : 119,
      "county" : 9151,
      "size" : 0,
      "title" : 12252,
      "regiments" : [ 15355, 15356 ]
    },
    "224" : {
      "culture" : 120,
      "county" : 9287,
      "size" : 1,
      "title" : 12253,
      "regiments" : [ 15357, 15358, 15359 ]
    },
    "225" : {
      "culture" : 120,
      "county" : 9255,
      "size" : 0,
      "title" : 12254,
      "regiments" : [ 15360, 15361 ]
    },
    "226" : {
      "culture" : 121,
      "county" : 9241,
      "size" : 0,
      "title" : 12255,
      "regiments" : [ 15362, 15363 ]
    },
    "227" : {
      "culture_group_name" : 0,
      "culture" : 123,
      "county" : 9483,
      "size" : 0,
      "title" : 12256,
      "regiments" : [ 15364, 15365 ]
    },
    "228" : {
      "culture_group_name" : 1,
      "culture" : 125,
      "county" : 9577,
      "size" : 1,
      "title" : 12257,
      "regiments" : [ 15366, 15367, 15368 ]
    },
    "229" : {
      "culture_group_name" : 2,
      "culture" : 125,
      "county" : 9504,
      "size" : 0,
      "title" : 12258,
      "regiments" : [ 15369, 15370 ]
    },
    "230" : {
      "culture_name" : 0,
      "culture" : 126,
      "county" : 8832,
      "size" : 2,
      "title" : 12259,
      "regiments" : [ 15371, 15372, 15373, 15374 ]
    },
    "231" : {
      "culture_name" : 1,
      "culture" : 126,
      "county" : 8947,
      "size" : 1,
      "title" : 12260,
      "regiments" : [ 15375, 15376, 15377 ]
    },
    "232" : {
      "culture_name" : 2,
      "culture" : 126,
      "county" : 8928,
      "size" : 0,
      "title" : 12261,
      "regiments" : [ 15378, 15379 ]
    },
    "233" : {
      "culture_name" : 0,
      "culture" : 127,
      "county" : 8723,
      "size" : 1,
      "title" : 12262,
      "regiments" : [ 15380, 15381, 15382 ]
    },
    "234" : {
      "culture_name" : 1,
      "culture" : 127,
      "county" : 8732,
      "size" : 0,
      "title" : 12263,
      "regiments" : [ 15383, 15384 ]
    },
    "235" : {
      "culture_name" : 0,
      "culture" : 128,
      "county" : 8854,
      "size" : 1,
      "title" : 12264,
      "regiments" : [ 15385, 15386, 15387 ]
    },
    "236" : {
      "culture_name" : 1,
      "culture" : 128,
      "county" : 8541,
      "size" : 0,
      "title" : 12265,
      "regiments" : [ 15388, 15389 ]
    },
    "237" : {
      "culture_group_name" : 0,
      "culture" : 129,
      "county" : 1506,
      "size" : 1,
      "title" : 12266,
      "regiments" : [ 15390, 15391, 15392 ]
    },
    "238" : {
      "culture_group_name" : 1,
      "culture" : 129,
      "county" : 1489,
      "size" : 0,
      "title" : 12267,
      "regiments" : [ 15393, 15394 ]
    },
    "239" : {
      "culture_name" : 0,
      "culture" : 130,
      "county" : 1515,
      "size" : 1,
      "title" : 12268,
      "regiments" : [ 15395, 15396, 15397 ]
    },
    "240" : {
      "culture_name" : 1,
      "culture" : 130,
      "county" : 1563,
      "size" : 0,
      "title" : 12269,
      "regiments" : [ 15398, 15399 ]
    },
    "241" : {
      "culture_name" : 0,
      "culture" : 131,
      "county" : 1604,
      "size" : 1,
      "title" : 12270,
      "regiments" : [ 15400, 15401, 15402 ]
    },
    "242" : {
      "culture_group_name" : 2,
      "culture" : 131,
      "county" : 1554,
      "size" : 0,
      "title" : 12271,
      "regiments" : [ 15403, 15404 ]
    },
    "243" : {
      "culture_name" : 0,
      "culture" : 132,
      "county" : 6457,
      "size" : 2,
      "title" : 12272,
      "regiments" : [ 15405, 15406, 15407, 15408 ]
    },
    "244" : {
      "culture" : 132,
      "county" : 6392,
      "size" : 1,
      "title" : 12273,
      "regiments" : [ 15409, 15410, 15411 ]
    },
    "245" : {
      "culture" : 132,
      "county" : 1639,
      "size" : 0,
      "title" : 12274,
      "regiments" : [ 15412, 15413 ]
    },
    "246" : {
      "culture_name" : 0,
      "culture" : 133,
      "county" : 1649,
      "size" : 2,
      "title" : 12275,
      "regiments" : [ 15414, 15415, 15416, 15417 ]
    },
    "247" : {
      "culture_name" : 1,
      "culture" : 133,
      "county" : 1682,
      "size" : 1,
      "title" : 12276,
      "regiments" : [ 15418, 15419, 15420 ]
    },
    "248" : {
      "culture" : 133,
      "county" : 1692,
      "size" : 0,
      "title" : 12277,
      "regiments" : [ 15421, 15422 ]
    },
    "249" : {
      "culture" : 134,
      "county" : 11457,
      "size" : 2,
      "title" : 12278,
      "regiments" : [ 15423, 15424, 15425, 15426 ]
    },
    "250" : {
      "culture" : 134,
      "county" : 11783,
      "size" : 1,
      "title" : 12279,
      "regiments" : [ 15427, 15428, 15429 ]
    },
    "251" : {
      "culture" : 134,
      "county" : 11683,
      "size" : 0,
      "title" : 12280,
      "regiments" : [ 15430, 15431 ]
    },
    "252" : {
      "culture" : 135,
      "county" : 11343,
      "size" : 2,
      "title" : 12281,
      "regiments" : [ 15432, 15433, 15434, 15435 ]
    },
    "253" : {
      "culture" : 135,
      "county" : 11728,
      "size" : 1,
      "title" : 12282,
      "regiments" : [ 15436, 15437, 15438 ]
    },
    "254" : {
      "culture" : 135,
      "county" : 11806,
      "size" : 0,
      "title" : 12283,
      "regiments" : [ 15439, 15440 ]
    },
    "255" : {
      "culture" : 136,
      "county" : 11606,
      "size" : 2,
      "title" : 12284,
      "regiments" : [ 15441, 15442, 15443, 15444 ]
    },
    "256" : {
      "culture" : 136,
      "county" : 11610,
      "size" : 1,
      "title" : 12285,
      "regiments" : [ 15445, 15446, 15447 ]
    },
    "257" : {
      "culture" : 136,
      "county" : 11347,
      "size" : 0,
      "title" : 12286,
      "regiments" : [ 15448, 15449 ]
    },
    "258" : {
      "culture" : 137,
      "county" : 11386,
      "size" : 1,
      "title" : 12287,
      "regiments" : [ 15450, 15451, 15452 ]
    },
    "259" : {
      "culture" : 137,
      "county" : 11395,
      "size" : 0,
      "title" : 12288,
      "regiments" : [ 15453, 15454 ]
    },
    "260" : {
      "culture" : 138,
      "county" : 11844,
      "size" : 0,
      "title" : 12289,
      "regiments" : [ 15455, 15456 ]
    },
    "261" : {
      "culture" : 139,
      "county" : 11863,
      "size" : 2,
      "title" : 12290,
      "regiments" : [ 15457, 15458, 15459, 15460 ]
    },
    "262" : {
      "culture" : 139,
      "county" : 11847,
      "size" : 1,
      "title" : 12291,
      "regiments" : [ 15461, 15462, 15463 ]
    },
    "263" : {
      "culture" : 139,
      "county" : 11879,
      "size" : 0,
      "title" : 12292,
      "regiments" : [ 15464, 15465 ]
    },
    "264" : {
      "culture_group_name" : 0,
      "culture" : 140,
      "county" : 5374,
      "size" : 2,
      "title" : 12293,
      "regiments" : [ 15466, 15467, 15468, 15469 ]
    },
    "265" : {
      "culture_group_name" : 1,
      "culture" : 140,
      "county" : 11951,
      "size" : 1,
      "title" : 12294,
      "regiments" : [ 15470, 15471, 15472 ]
    },
    "266" : {
      "culture_group_name" : 2,
      "culture" : 140,
      "county" : 5322,
      "size" : 0,
      "title" : 12295,
      "regiments" : [ 15473, 15474 ]
    },
    "267" : {
      "culture_group_name" : 3,
      "culture" : 141,
      "county" : 3772,
      "size" : 1,
      "title" : 12296,
      "regiments" : [ 15475, 15476, 15477 ]
    },
    "268" : {
      "culture_group_name" : 4,
      "culture" : 141,
      "county" : 4924,
      "size" : 0,
      "title" : 12297,
      "regiments" : [ 15478, 15479 ]
    },
    "269" : {
      "culture_group_name" : 5,
      "culture" : 142,
      "county" : 3837,
      "size" : 2,
      "title" : 12298,
      "regiments" : [ 15480, 15481, 15482, 15483 ]
    },
    "270" : {
      "culture_group_name" : 6,
      "culture" : 142,
      "county" : 4961,
      "size" : 1,
      "title" : 12299,
      "regiments" : [ 15484, 15485, 15486 ]
    },
    "271" : {
      "culture_group_name" : 7,
      "culture" : 142,
      "county" : 5048,
      "size" : 0,
      "title" : 12300,
      "regiments" : [ 15487, 15488 ]
    },
    "272" : {
      "culture_group_name" : 8,
      "culture" : 143,
      "county" : 4036,
      "size" : 0,
      "title" : 12301,
      "regiments" : [ 15489, 15490 ]
    },
    "273" : {
      "culture_group_name" : 9,
      "culture" : 144,
      "county" : 3911,
      "size" : 2,
      "title" : 12302,
      "regiments" : [ 15491, 15492, 15493, 15494 ]
    },
    "274" : {
      "culture_group_name" : 10,
      "culture" : 144,
      "county" : 3987,
      "size" : 1,
      "title" : 12303,
      "regiments" : [ 15495, 15496, 15497 ]
    },
    "275" : {
      "culture_group_name" : 11,
      "culture" : 144,
      "county" : 3949,
      "size" : 0,
      "title" : 12304,
      "regiments" : [ 15498, 15499 ]
    },
    "276" : {
      "culture_group_name" : 12,
      "culture" : 145,
      "county" : 4155,
      "size" : 1,
      "title" : 12305,
      "regiments" : [ 15500, 15501, 15502 ]
    },
    "277" : {
      "culture" : 145,
      "county" : 4987,
      "size" : 0,
      "title" : 12306,
      "regiments" : [ 15503, 15504 ]
    },
    "278" : {
      "culture" : 147,
      "county" : 5437,
      "size" : 2,
      "title" : 12307,
      "regiments" : [ 15505, 15506, 15507, 15508 ]
    },
    "279" : {
      "culture" : 147,
      "county" : 5065,
      "size" : 1,
      "title" : 12308,
      "regiments" : [ 15509, 15510, 15511 ]
    },
    "280" : {
      "culture" : 147,
      "county" : 5441,
      "size" : 0,
      "title" : 12309,
      "regiments" : [ 15512, 15513 ]
    },
    "281" : {
      "culture" : 148,
      "county" : 4951,
      "size" : 1,
      "title" : 12310,
      "regiments" : [ 15514, 15515, 15516 ]
    },
    "282" : {
      "culture" : 148,
      "county" : 4997,
      "size" : 0,
      "title" : 12311,
      "regiments" : [ 15517, 15518 ]
    },
    "283" : {
      "culture" : 149,
      "county" : 5118,
      "size" : 1,
      "title" : 12312,
      "regiments" : [ 15519, 15520, 15521 ]
    },
    "284" : {
      "culture" : 149,
      "county" : 5422,
      "size" : 0,
      "title" : 12313,
      "regiments" : [ 15522, 15523 ]
    },
    "285" : {
      "culture" : 150,
      "county" : 4285,
      "size" : 0,
      "title" : 12314,
      "regiments" : [ 15524, 15525 ]
    },
    "286" : {
      "culture" : 151,
      "county" : 4318,
      "size" : 2,
      "title" : 12315,
      "regiments" : [ 15526, 15527, 15528, 15529 ]
    },
    "287" : {
      "culture" : 151,
      "county" : 4623,
      "size" : 1,
      "title" : 12316,
      "regiments" : [ 15530, 15531, 15532 ]
    },
    "288" : {
      "culture" : 151,
      "county" : 4631,
      "size" : 0,
      "title" : 12317,
      "regiments" : [ 15533, 15534 ]
    },
    "289" : {
      "culture" : 152,
      "county" : 5284,
      "size" : 2,
      "title" : 12318,
      "regiments" : [ 15535, 15536, 15537, 15538 ]
    },
    "290" : {
      "culture" : 152,
      "county" : 5315,
      "size" : 1,
      "title" : 12319,
      "regiments" : [ 15539, 15540, 15541 ]
    },
    "291" : {
      "culture" : 152,
      "county" : 5272,
      "size" : 0,
      "title" : 12320,
      "regiments" : [ 15542, 15543 ]
    },
    "292" : {
      "culture" : 153,
      "county" : 11970,
      "size" : 1,
      "title" : 12321,
      "regiments" : [ 15544, 15545, 15546 ]
    },
    "293" : {
      "culture" : 153,
      "county" : 11958,
      "size" : 0,
      "title" : 12322,
      "regiments" : [ 15547, 15548 ]
    },
    "294" : {
      "culture" : 154,
      "county" : 4657,
      "size" : 1,
      "title" : 12323,
      "regiments" : [ 15549, 15550, 15551 ]
    },
    "295" : {
      "culture" : 154,
      "county" : 4662,
      "size" : 0,
      "title" : 12324,
      "regiments" : [ 15552, 15553 ]
    },
    "296" : {
      "culture" : 155,
      "county" : 4051,
      "size" : 0,
      "title" : 12325,
      "regiments" : [ 15554, 15555 ]
    },
    "297" : {
      "culture" : 157,
      "county" : 11906,
      "size" : 0,
      "title" : 12326,
      "regiments" : [ 15556, 15557 ]
    },
    "298" : {
      "culture" : 158,
      "county" : 4109,
      "size" : 1,
      "title" : 12327,
      "regiments" : [ 15558, 15559, 15560 ]
    },
    "299" : {
      "culture" : 158,
      "county" : 4099,
      "size" : 0,
      "title" : 12328,
      "regiments" : [ 15561, 15562 ]
    },
    "300" : {
      "culture" : 159,
      "county" : 4200,
      "size" : 2,
      "title" : 12329,
      "regiments" : [ 15563, 15564, 15565, 15566 ]
    },
    "301" : {
      "culture" : 159,
      "county" : 4404,
      "size" : 1,
      "title" : 12330,
      "regiments" : [ 15567, 15568, 15569 ]
    },
    "302" : {
      "culture" : 159,
      "county" : 4408,
      "size" : 0,
      "title" : 12331,
      "regiments" : [ 15570, 15571 ]
    },
    "303" : {
      "culture" : 160,
      "county" : 3695,
      "size" : 0,
      "title" : 12332,
      "regiments" : [ 15572, 15573 ]
    },
    "304" : {
      "culture" : 161,
      "county" : 4016,
      "size" : 1,
      "title" : 12333,
      "regiments" : [ 15574, 15575, 15576 ]
    },
    "305" : {
      "culture" : 161,
      "county" : 4028,
      "size" : 0,
      "title" : 12334,
      "regiments" : [ 15577, 15578 ]
    },
    "306" : {
      "culture" : 162,
      "county" : 3677,
      "size" : 0,
      "title" : 12335,
      "regiments" : [ 15579, 15580 ]
    },
    "307" : {
      "culture" : 163,
      "county" : 3652,
      "size" : 0,
      "title" : 12336,
      "regiments" : [ 15581, 15582 ]
    },
    "308" : {
      "culture" : 164,
      "county" : 3668,
      "size" : 0,
      "title" : 12337,
      "regiments" : [ 15583, 15584 ]
    },
    "309" : {
      "culture_group_name" : 0,
      "culture" : 166,
      "county" : 9391,
      "size" : 2,
      "title" : 12338,
      "regiments" : [ 15585, 15586, 15587, 15588 ]
    },
    "310" : {
      "culture_group_name" : 1,
      "culture" : 166,
      "county" : 9646,
      "size" : 1,
      "title" : 12339,
      "regiments" : [ 15589, 15590, 15591 ]
    },
    "311" : {
      "culture_group_name" : 2,
      "culture" : 166,
      "county" : 9421,
      "size" : 0,
      "title" : 12340,
      "regiments" : [ 15592, 15593 ]
    },
    "312" : {
      "culture" : 167,
      "county" : 9701,
      "size" : 1,
      "title" : 12341,
      "regiments" : [ 15594, 15595, 15596 ]
    },
    "313" : {
      "culture" : 167,
      "county" : 9544,
      "size" : 0,
      "title" : 12342,
      "regiments" : [ 15597, 15598 ]
    },
    "314" : {
      "culture" : 168,
      "county" : 9838,
      "size" : 1,
      "title" : 12343,
      "regiments" : [ 15599, 15600, 15601 ]
    },
    "315" : {
      "culture" : 168,
      "county" : 9849,
      "size" : 0,
      "title" : 12344,
      "regiments" : [ 15602, 15603 ]
    },
    "316" : {
      "culture" : 169,
      "county" : 9293,
      "size" : 0,
      "title" : 12345,
      "regiments" : [ 15604, 15605 ]
    },
    "317" : {
      "culture" : 170,
      "county" : 9593,
      "size" : 2,
      "title" : 12346,
      "regiments" : [ 15606, 15607, 15608, 15609 ]
    },
    "318" : {
      "culture" : 170,
      "county" : 9614,
      "size" : 1,
      "title" : 12347,
      "regiments" : [ 15610, 15611, 15612 ]
    },
    "319" : {
      "culture" : 170,
      "county" : 9581,
      "size" : 0,
      "title" : 12348,
      "regiments" : [ 15613, 15614 ]
    },
    "320" : {
      "culture_name" : 0,
      "culture" : 172,
      "county" : 212,
      "size" : 2,
      "title" : 12349,
      "regiments" : [ 15615, 15616, 15617, 15618 ]
    },
    "321" : {
      "culture_name" : 1,
      "culture" : 172,
      "county" : 240,
      "size" : 1,
      "title" : 12350,
      "regiments" : [ 15619, 15620, 15621 ]
    },
    "322" : {
      "culture_name" : 2,
      "culture" : 172,
      "county" : 108,
      "size" : 0,
      "title" : 12351,
      "regiments" : [ 15622, 15623 ]
    },
    "323" : {
      "culture_name" : 0,
      "culture" : 174,
      "county" : 393,
      "size" : 0,
      "title" : 12352,
      "regiments" : [ 15624, 15625 ]
    },
    "324" : {
      "culture_name" : 0,
      "culture" : 175,
      "county" : 3126,
      "size" : 1,
      "title" : 12353,
      "regiments" : [ 15626, 15627, 15628 ]
    },
    "325" : {
      "culture_name" : 1,
      "culture" : 175,
      "county" : 3176,
      "size" : 0,
      "title" : 12354,
      "regiments" : [ 15629, 15630 ]
    },
    "326" : {
      "culture_name" : 0,
      "culture" : 176,
      "county" : 1250,
      "size" : 2,
      "title" : 12355,
      "regiments" : [ 15631, 15632, 15633, 15634 ]
    },
    "327" : {
      "culture_name" : 1,
      "culture" : 176,
      "county" : 1194,
      "size" : 1,
      "title" : 12356,
      "regiments" : [ 15635, 15636, 15637 ]
    },
    "328" : {
      "culture_name" : 2,
      "culture" : 176,
      "county" : 1206,
      "size" : 0,
      "title" : 12357,
      "regiments" : [ 15638, 15639 ]
    },
    "329" : {
      "culture_name" : 0,
      "culture" : 177,
      "county" : 3072,
      "size" : 2,
      "title" : 12358,
      "regiments" : [ 15640, 15641, 15642, 15643 ]
    },
    "330" : {
      "culture_name" : 1,
      "culture" : 177,
      "county" : 3108,
      "size" : 1,
      "title" : 12359,
      "regiments" : [ 15644, 15645, 15646 ]
    },
    "331" : {
      "culture_group_name" : 0,
      "culture" : 177,
      "county" : 2969,
      "size" : 0,
      "title" : 12360,
      "regiments" : [ 15647, 15648 ]
    },
    "332" : {
      "culture_name" : 0,
      "culture" : 178,
      "county" : 649,
      "size" : 2,
      "title" : 12361,
      "regiments" : [ 15649, 15650, 15651, 15652 ]
    },
    "333" : {
      "culture_name" : 1,
      "culture" : 178,
      "county" : 668,
      "size" : 1,
      "title" : 12362,
      "regiments" : [ 15653, 15654, 15655 ]
    },
    "334" : {
      "culture" : 178,
      "county" : 3160,
      "size" : 0,
      "title" : 12363,
      "regiments" : [ 15656, 15657 ]
    },
    "335" : {
      "culture_name" : 0,
      "culture" : 179,
      "county" : 6516,
      "size" : 1,
      "title" : 12364,
      "regiments" : [ 15658, 15659, 15660 ]
    },
    "336" : {
      "culture_name" : 1,
      "culture" : 179,
      "county" : 6507,
      "size" : 0,
      "title" : 12365,
      "regiments" : [ 15661, 15662 ]
    },
    "337" : {
      "culture_group_name" : 0,
      "culture" : 180,
      "county" : 9943,
      "size" : 1,
      "title" : 12366,
      "regiments" : [ 15663, 15664, 15665 ]
    },
    "338" : {
      "culture_group_name" : 1,
      "culture" : 180,
      "county" : 9929,
      "size" : 0,
      "title" : 12367,
      "regiments" : [ 15666, 15667 ]
    },
    "339" : {
      "culture_group_name" : 2,
      "culture" : 181,
      "county" : 9951,
      "size" : 0,
      "title" : 12368,
      "regiments" : [ 15668, 15669 ]
    },
    "340" : {
      "culture" : 182,
      "county" : 9966,
      "size" : 0,
      "title" : 12369,
      "regiments" : [ 15670, 15671 ]
    },
    "341" : {
      "culture" : 183,
      "county" : 9890,
      "size" : 0,
      "title" : 12370,
      "regiments" : [ 15672, 15673 ]
    }
  }
}