{
  "save_game_version" : 3,
  "version" : "1.2.1",
  "portraits_version" : 3,
  "meta_date" : {
    "day" : 15,
    "month" : 9,
    "year" : 1066,
    "days_since_beginning" : 2214347
  },
  "meta_player_name" : "Duke Vratislav II",
  "meta_title_name" : "Duchy of Bohemia",
  "meta_coat_of_arms" : {
    "pattern" : "pattern_solid.dds",
    "color1" : "white",
    "color2" : "red",
    "colored_emblem" : {
      "color1" : "black",
      "color2" : "yellow",
      "texture" : "ce_eagle.dds",
      "instance" : {
        "position" : [ 1056964.608, 1057216.266 ]
      }
    }
  },
  "meta_player_tier" : 3,
  "meta_house_name" : "PÅ™emyslid",
  "meta_house_coat_of_arms" : {
    "pattern" : "pattern_solid.dds",
    "color1" : "white",
    "color2" : "black",
    "colored_emblem" : {
      "color1" : "black",
      "color2" : "black",
      "texture" : "ce_eagle.dds",
      "instance" : {
        "position" : [ 1056964.608, 1057300.152 ],
        "scale" : [ 1066192.077, 1066192.077 ]
      }
    }
  },
  "meta_dynasty_frame" : 4,
  "meta_main_portrait" : {
    "type" : "1574",
    "id" : 16317,
    "age" : 1051595.899,
    "genes" : {
      "hair_color" : [ 145, 72, 145, 72 ],
      "skin_color" : [ 20, 79, 20, 79 ],
      "eye_color" : [ 174, 204, 174, 204 ],
      "gene_chin_forward" : [ "chin_forward_pos", 137, "chin_forward_pos", 137 ],
      "gene_chin_height" : [ "chin_height_neg", 125, "chin_height_neg", 125 ],
      "gene_chin_width" : [ "chin_width_pos", 129, "chin_width_pos", 129 ],
      "gene_eye_angle" : [ "eye_angle_pos", 127, "eye_angle_pos", 127 ],
      "gene_eye_depth" : [ "eye_depth_pos", 130, "eye_depth_pos", 130 ],
      "gene_eye_height" : [ "eye_height_neg", 122, "eye_height_neg", 122 ],
      "gene_eye_distance" : [ "eye_distance_neg", 120, "eye_distance_neg", 120 ],
      "gene_eye_shut" : [ "eye_shut_pos", 133, "eye_shut_pos", 133 ],
      "gene_forehead_angle" : [ "forehead_angle_neg", 110, "forehead_angle_neg", 110 ],
      "gene_forehead_brow_height" : [ "forehead_brow_height_neg", 126, "forehead_brow_height_neg", 126 ],
      "gene_forehead_roundness" : [ "forehead_roundness_pos", 167, "forehead_roundness_pos", 167 ],
      "gene_forehead_width" : [ "forehead_width_neg", 119, "forehead_width_neg", 119 ],
      "gene_forehead_height" : [ "forehead_height_neg", 104, "forehead_height_neg", 104 ],
      "gene_head_height" : [ "head_height_neg", 105, "head_height_neg", 105 ],
      "gene_head_width" : [ "head_width_neg", 103, "head_width_neg", 103 ],
      "gene_head_profile" : [ "head_profile_neg", 124, "head_profile_neg", 124 ],
      "gene_head_top_height" : [ "head_top_height_neg", 99, "head_top_height_neg", 99 ],
      "gene_head_top_width" : [ "head_top_width_pos", 160, "head_top_width_pos", 160 ],
      "gene_jaw_angle" : [ "jaw_angle_pos", 150, "jaw_angle_pos", 150 ],
      "gene_jaw_forward" : [ "jaw_forward_neg", 120, "jaw_forward_neg", 120 ],
      "gene_jaw_height" : [ "jaw_height_pos", 137, "jaw_height_pos", 137 ],
      "gene_jaw_width" : [ "jaw_width_neg", 115, "jaw_width_neg", 115 ],
      "gene_mouth_corner_depth" : [ "mouth_corner_depth_neg", 125, "mouth_corner_depth_neg", 125 ],
      "gene_mouth_corner_height" : [ "mouth_corner_height_pos", 129, "mouth_corner_height_pos", 129 ],
      "gene_mouth_forward" : [ "mouth_forward_pos", 128, "mouth_forward_pos", 128 ],
      "gene_mouth_height" : [ "mouth_height_pos", 130, "mouth_height_pos", 130 ],
      "gene_mouth_width" : [ "mouth_width_neg", 126, "mouth_width_neg", 126 ],
      "gene_mouth_upper_lip_size" : [ "mouth_upper_lip_size_pos", 128, "mouth_upper_lip_size_pos", 128 ],
      "gene_mouth_lower_lip_size" : [ "mouth_lower_lip_size_neg", 96, "mouth_lower_lip_size_neg", 96 ],
      "gene_mouth_open" : [ "mouth_open_neg", 30, "mouth_open_neg", 30 ],
      "gene_neck_length" : [ "neck_length_neg", 81, "neck_length_neg", 81 ],
      "gene_neck_width" : [ "neck_width_pos", 160, "neck_width_pos", 160 ],
      "gene_bs_cheek_forward" : [ "cheek_forward_pos", 193, "cheek_forward_pos", 193 ],
      "gene_bs_cheek_height" : [ "cheek_height_pos", 9, "cheek_height_pos", 9 ],
      "gene_bs_cheek_width" : [ "cheek_width_neg", 70, "cheek_width_neg", 70 ],
      "gene_bs_ear_angle" : [ "ear_angle_neg", 28, "ear_angle_neg", 28 ],
      "gene_bs_ear_inner_shape" : [ "ear_inner_shape_pos", 87, "ear_inner_shape_pos", 87 ],
      "gene_bs_ear_bend" : [ "ear_upper_bend_pos", 191, "ear_upper_bend_pos", 191 ],
      "gene_bs_ear_outward" : [ "ear_outward_pos", 42, "ear_outward_pos", 42 ],
      "gene_bs_ear_size" : [ "ear_size_pos", 7, "ear_size_pos", 7 ],
      "gene_bs_eye_corner_depth" : [ "eye_corner_depth_pos", 11, "eye_corner_depth_pos", 11 ],
      "gene_bs_eye_fold_shape" : [ "eye_fold_shape_neg", 14, "eye_fold_shape_neg", 14 ],
      "gene_bs_eye_size" : [ "eye_size_neg", 115, "eye_size_neg", 115 ],
      "gene_bs_eye_upper_lid_size" : [ "eye_upper_lid_size_neg", 59, "eye_upper_lid_size_neg", 59 ],
      "gene_bs_forehead_brow_curve" : [ "forehead_brow_curve_neg", 65, "forehead_brow_curve_neg", 65 ],
      "gene_bs_forehead_brow_forward" : [ "forehead_brow_forward_neg", 42, "forehead_brow_forward_neg", 42 ],
      "gene_bs_forehead_brow_inner_height" : [ "forehead_brow_inner_height_neg", 7, "forehead_brow_inner_height_neg", 7 ],
      "gene_bs_forehead_brow_outer_height" : [ "forehead_brow_outer_height_neg", 35, "forehead_brow_outer_height_neg", 35 ],
      "gene_bs_forehead_brow_width" : [ "forehead_brow_width_pos", 47, "forehead_brow_width_pos", 47 ],
      "gene_bs_jaw_def" : [ "jaw_def_neg", 34, "jaw_def_neg", 34 ],
      "gene_bs_mouth_lower_lip_def" : [ "mouth_lower_lip_def_pos", 23, "mouth_lower_lip_def_pos", 23 ],
      "gene_bs_mouth_lower_lip_full" : [ "mouth_lower_lip_full_neg", 68, "mouth_lower_lip_full_neg", 68 ],
      "gene_bs_mouth_lower_lip_pad" : [ "mouth_lower_lip_pad_neg", 102, "mouth_lower_lip_pad_neg", 102 ],
      "gene_bs_mouth_lower_lip_width" : [ "mouth_lower_lip_width_pos", 120, "mouth_lower_lip_width_pos", 120 ],
      "gene_bs_mouth_philtrum_def" : [ "mouth_philtrum_def_pos", 21, "mouth_philtrum_def_pos", 21 ],
      "gene_bs_mouth_philtrum_shape" : [ "mouth_philtrum_shape_neg", 80, "mouth_philtrum_shape_neg", 80 ],
      "gene_bs_mouth_philtrum_width" : [ "mouth_philtrum_width_neg", 51, "mouth_philtrum_width_neg", 51 ],
      "gene_bs_mouth_upper_lip_def" : [ "mouth_upper_lip_def_pos", 86, "mouth_upper_lip_def_pos", 86 ],
      "gene_bs_mouth_upper_lip_full" : [ "mouth_upper_lip_full_pos", 72, "mouth_upper_lip_full_pos", 72 ],
      "gene_bs_mouth_upper_lip_profile" : [ "mouth_upper_lip_profile_pos", 45, "mouth_upper_lip_profile_pos", 45 ],
      "gene_bs_mouth_upper_lip_width" : [ "mouth_upper_lip_width_neg", 29, "mouth_upper_lip_width_neg", 29 ],
      "gene_bs_nose_forward" : [ "nose_forward_pos", 36, "nose_forward_pos", 36 ],
      "gene_bs_nose_height" : [ "nose_height_pos", 15, "nose_height_pos", 15 ],
      "gene_bs_nose_length" : [ "nose_length_pos", 13, "nose_length_pos", 13 ],
      "gene_bs_nose_nostril_height" : [ "nose_nostril_height_neg", 10, "nose_nostril_height_neg", 10 ],
      "gene_bs_nose_nostril_width" : [ "nose_nostril_width_pos", 17, "nose_nostril_width_pos", 17 ],
      "gene_bs_nose_profile" : [ "nose_profile_hawk", 63, "nose_profile_hawk", 63 ],
      "gene_bs_nose_ridge_angle" : [ "nose_ridge_angle_pos", 90, "nose_ridge_angle_pos", 90 ],
      "gene_bs_nose_ridge_width" : [ "nose_ridge_width_neg", 15, "nose_ridge_width_neg", 15 ],
      "gene_bs_nose_size" : [ "nose_size_pos", 47, "nose_size_pos", 47 ],
      "gene_bs_nose_tip_angle" : [ "nose_tip_angle_pos", 65, "nose_tip_angle_pos", 65 ],
      "gene_bs_nose_tip_forward" : [ "nose_tip_forward_pos", 48, "nose_tip_forward_pos", 48 ],
      "gene_bs_nose_tip_width" : [ "nose_tip_width_neg", 140, "nose_tip_width_neg", 140 ],
      "face_detail_cheek_def" : [ "cheek_def_01", 1, "cheek_def_01", 1 ],
      "face_detail_cheek_fat" : [ "cheek_fat_01_pos", 89, "cheek_fat_01_pos", 89 ],
      "face_detail_chin_cleft" : [ "chin_dimple", 10, "chin_dimple", 10 ],
      "face_detail_chin_def" : [ "chin_def", 15, "chin_def", 15 ],
      "face_detail_eye_lower_lid_def" : [ "eye_lower_lid_def", 107, "eye_lower_lid_def", 107 ],
      "face_detail_eye_socket" : [ "eye_socket_02", 240, "eye_socket_02", 240 ],
      "face_detail_nasolabial" : [ "nasolabial_01", 4, "nasolabial_01", 4 ],
      "face_detail_nose_ridge_def" : [ "nose_ridge_def_pos", 200, "nose_ridge_def_pos", 200 ],
      "face_detail_nose_tip_def" : [ "nose_tip_def", 24, "nose_tip_def", 24 ],
      "face_detail_temple_def" : [ "temple_def", 251, "temple_def", 251 ],
      "expression_brow_wrinkles" : [ "brow_wrinkles_03", 255, "brow_wrinkles_03", 241 ],
      "expression_eye_wrinkles" : [ "eye_wrinkles_02", 200, "eye_wrinkles_02", 200 ],
      "expression_forehead_wrinkles" : [ "forehead_wrinkles_03", 183, "forehead_wrinkles_03", 183 ],
      "expression_other" : [ "cheek_wrinkles_left_01", 127, "cheek_wrinkles_left_01", 127 ],
      "complexion" : [ "complexion_5", 163, "complexion_5", 163 ],
      "gene_height" : [ "normal_height", 122, "normal_height", 106 ],
      "gene_bs_body_type" : [ "body_fat_head_fat_medium", 127, "body_fat_head_fat_medium", 127 ],
      "gene_bs_body_shape" : [ "body_shape_average_clothed", 30, "body_shape_hourglass_full", 0 ],
      "gene_bs_bust" : [ "bust_clothes", 207, "bust_shape_3_full", 207 ],
      "gene_age" : [ "old_2", 129, "old_2", 129 ],
      "gene_eyebrows_shape" : [ "far_spacing_lower_thickness", 179, "far_spacing_lower_thickness", 179 ],
      "gene_eyebrows_fullness" : [ "layer_2_lower_thickness", 168, "layer_2_lower_thickness", 168 ],
      "gene_body_hair" : [ "body_hair_avg", 131, "body_hair_avg", 131 ],
      "hairstyles" : [ "western_hairstyles", 237, "western_hairstyles", 237 ],
      "beards" : [ "western_beards", 86, "western_beards", 86 ],
      "eye_accessory" : [ "normal_eyes", 128, "normal_eyes", 128 ],
      "teeth_accessory" : [ "normal_teeth", 0, "normal_teeth", 0 ],
      "eyelashes_accessory" : [ "normal_eyelashes", 17, "normal_eyelashes", 17 ],
      "pose" : [ "", 255, "", 0 ],
      "clothes" : [ "western_high_nobility_clothes", 70, "most_clothes", 0 ],
      "headgear" : [ "western_high_nobility", 0, "no_headgear", 0 ],
      "legwear" : [ "western_common_legwear", 21, "all_legwear", 0 ]
    },
    "entity" : [ 3242738294, 3242738294 ]
  },
  "meta_heir_portrait" : {
    "type" : "1574",
    "id" : 16528,
    "age" : 1050589.266,
    "genes" : {
      "hair_color" : [ 216, 171, 170, 184 ],
      "skin_color" : [ 54, 74, 51, 75 ],
      "eye_color" : [ 171, 158, 220, 173 ],
      "gene_chin_forward" : [ "chin_forward_neg", 103, "chin_forward_neg", 124 ],
      "gene_chin_height" : [ "chin_height_neg", 110, "chin_height_pos", 138 ],
      "gene_chin_width" : [ "chin_width_pos", 135, "chin_width_neg", 114 ],
      "gene_eye_angle" : [ "eye_angle_pos", 135, "eye_angle_pos", 139 ],
      "gene_eye_depth" : [ "eye_depth_pos", 138, "eye_depth_pos", 133 ],
      "gene_eye_height" : [ "eye_height_neg", 120, "eye_height_neg", 120 ],
      "gene_eye_distance" : [ "eye_distance_neg", 118, "eye_distance_pos", 127 ],
      "gene_eye_shut" : [ "eye_shut_neg", 111, "eye_shut_pos", 127 ],
      "gene_forehead_angle" : [ "forehead_angle_pos", 136, "forehead_angle_neg", 104 ],
      "gene_forehead_brow_height" : [ "forehead_brow_height_neg", 112, "forehead_brow_height_pos", 148 ],
      "gene_forehead_roundness" : [ "forehead_roundness_neg", 72, "forehead_roundness_neg", 94 ],
      "gene_forehead_width" : [ "forehead_width_pos", 151, "forehead_width_pos", 153 ],
      "gene_forehead_height" : [ "forehead_height_neg", 88, "forehead_height_neg", 88 ],
      "gene_head_height" : [ "head_height_pos", 165, "head_height_neg", 94 ],
      "gene_head_width" : [ "head_width_neg", 125, "head_width_pos", 171 ],
      "gene_head_profile" : [ "head_profile_pos", 132, "head_profile_neg", 47 ],
      "gene_head_top_height" : [ "head_top_height_neg", 110, "head_top_height_neg", 93 ],
      "gene_head_top_width" : [ "head_top_width_neg", 91, "head_top_width_pos", 130 ],
      "gene_jaw_angle" : [ "jaw_angle_pos", 144, "jaw_angle_pos", 128 ],
      "gene_jaw_forward" : [ "jaw_forward_pos", 137, "jaw_forward_neg", 106 ],
      "gene_jaw_height" : [ "jaw_height_pos", 129, "jaw_height_neg", 115 ],
      "gene_jaw_width" : [ "jaw_width_neg", 89, "jaw_width_neg", 118 ],
      "gene_mouth_corner_depth" : [ "mouth_corner_depth_neg", 118, "mouth_corner_depth_neg", 122 ],
      "gene_mouth_corner_height" : [ "mouth_corner_height_pos", 135, "mouth_corner_height_pos", 130 ],
      "gene_mouth_forward" : [ "mouth_forward_neg", 114, "mouth_forward_neg", 122 ],
      "gene_mouth_height" : [ "mouth_height_pos", 160, "mouth_height_pos", 130 ],
      "gene_mouth_width" : [ "mouth_width_neg", 58, "mouth_width_neg", 97 ],
      "gene_mouth_upper_lip_size" : [ "mouth_upper_lip_size_neg", 109, "mouth_upper_lip_size_pos", 141 ],
      "gene_mouth_lower_lip_size" : [ "mouth_lower_lip_size_neg", 106, "mouth_lower_lip_size_neg", 65 ],
      "gene_mouth_open" : [ "mouth_open_pos", 183, "mouth_open_neg", 101 ],
      "gene_neck_length" : [ "neck_length_pos", 142, "neck_length_pos", 151 ],
      "gene_neck_width" : [ "neck_width_neg", 121, "neck_width_pos", 139 ],
      "gene_bs_cheek_forward" : [ "cheek_forward_pos", 15, "cheek_forward_pos", 30 ],
      "gene_bs_cheek_height" : [ "cheek_height_neg", 125, "cheek_height_neg", 46 ],
      "gene_bs_cheek_width" : [ "cheek_width_neg", 34, "cheek_width_neg", 46 ],
      "gene_bs_ear_angle" : [ "ear_angle_neg", 87, "ear_angle_pos", 105 ],
      "gene_bs_ear_inner_shape" : [ "ear_inner_shape_pos", 75, "ear_inner_shape_pos", 150 ],
      "gene_bs_ear_bend" : [ "ear_lower_bend_pos", 25, "ear_upper_bend_pos", 30 ],
      "gene_bs_ear_outward" : [ "ear_outward_neg", 47, "ear_outward_neg", 151 ],
      "gene_bs_ear_size" : [ "ear_size_neg", 24, "ear_size_pos", 11 ],
      "gene_bs_eye_corner_depth" : [ "eye_corner_depth_pos", 44, "eye_corner_depth_neg", 114 ],
      "gene_bs_eye_fold_shape" : [ "eye_fold_shape_neg", 70, "eye_fold_shape_neg", 9 ],
      "gene_bs_eye_size" : [ "eye_size_pos", 91, "eye_size_neg", 29 ],
      "gene_bs_eye_upper_lid_size" : [ "eye_upper_lid_size_pos", 52, "eye_upper_lid_size_pos", 47 ],
      "gene_bs_forehead_brow_curve" : [ "forehead_brow_curve_neg", 78, "forehead_brow_curve_neg", 141 ],
      "gene_bs_forehead_brow_forward" : [ "forehead_brow_forward_pos", 11, "forehead_brow_forward_neg", 51 ],
      "gene_bs_forehead_brow_inner_height" : [ "forehead_brow_inner_height_neg", 27, "forehead_brow_inner_height_pos", 46 ],
      "gene_bs_forehead_brow_outer_height" : [ "forehead_brow_outer_height_neg", 111, "forehead_brow_outer_height_neg", 18 ],
      "gene_bs_forehead_brow_width" : [ "forehead_brow_width_pos", 21, "forehead_brow_width_pos", 47 ],
      "gene_bs_jaw_def" : [ "jaw_def_pos", 80, "jaw_def_pos", 24 ],
      "gene_bs_mouth_lower_lip_def" : [ "mouth_lower_lip_def_pos", 16, "mouth_lower_lip_def_pos", 41 ],
      "gene_bs_mouth_lower_lip_full" : [ "mouth_lower_lip_full_neg", 6, "mouth_lower_lip_full_pos", 24 ],
      "gene_bs_mouth_lower_lip_pad" : [ "mouth_lower_lip_pad_pos", 81, "mouth_lower_lip_pad_neg", 20 ],
      "gene_bs_mouth_lower_lip_width" : [ "mouth_lower_lip_width_pos", 56, "mouth_lower_lip_width_pos", 68 ],
      "gene_bs_mouth_philtrum_def" : [ "mouth_philtrum_def_pos", 47, "mouth_philtrum_def_pos", 14 ],
      "gene_bs_mouth_philtrum_shape" : [ "mouth_philtrum_shape_pos", 0, "mouth_philtrum_shape_neg", 50 ],
      "gene_bs_mouth_philtrum_width" : [ "mouth_philtrum_width_pos", 98, "mouth_philtrum_width_neg", 35 ],
      "gene_bs_mouth_upper_lip_def" : [ "mouth_upper_lip_def_pos", 29, "mouth_upper_lip_def_pos", 1 ],
      "gene_bs_mouth_upper_lip_full" : [ "mouth_upper_lip_full_neg", 10, "mouth_upper_lip_full_neg", 22 ],
      "gene_bs_mouth_upper_lip_profile" : [ "mouth_upper_lip_profile_pos", 62, "mouth_upper_lip_profile_pos", 4 ],
      "gene_bs_mouth_upper_lip_width" : [ "mouth_upper_lip_width_pos", 118, "mouth_upper_lip_width_pos", 22 ],
      "gene_bs_nose_forward" : [ "nose_forward_neg", 31, "nose_forward_pos", 13 ],
      "gene_bs_nose_height" : [ "nose_height_pos", 64, "nose_height_neg", 25 ],
      "gene_bs_nose_length" : [ "nose_length_neg", 78, "nose_length_pos", 29 ],
      "gene_bs_nose_nostril_height" : [ "nose_nostril_height_neg", 82, "nose_nostril_height_pos", 41 ],
      "gene_bs_nose_nostril_width" : [ "nose_nostril_width_pos", 32, "nose_nostril_width_neg", 27 ],
      "gene_bs_nose_profile" : [ "nose_profile_hawk_pos", 112, "nose_profile_hawk", 43 ],
      "gene_bs_nose_ridge_angle" : [ "nose_ridge_angle_pos", 7, "nose_ridge_angle_pos", 18 ],
      "gene_bs_nose_ridge_width" : [ "nose_ridge_width_pos", 125, "nose_ridge_width_neg", 34 ],
      "gene_bs_nose_size" : [ "nose_size_neg", 34, "nose_size_pos", 39 ],
      "gene_bs_nose_tip_angle" : [ "nose_tip_angle_pos", 15, "nose_tip_angle_neg", 13 ],
      "gene_bs_nose_tip_forward" : [ "nose_tip_forward_neg", 15, "nose_tip_forward_pos", 147 ],
      "gene_bs_nose_tip_width" : [ "nose_tip_width_neg", 0, "nose_tip_width_neg", 28 ],
      "face_detail_cheek_def" : [ "cheek_def_01", 4, "cheek_def_01", 30 ],
      "face_detail_cheek_fat" : [ "cheek_fat_04_pos", 15, "cheek_fat_03_pos", 180 ],
      "face_detail_chin_cleft" : [ "chin_cleft", 5, "chin_cleft", 21 ],
      "face_detail_chin_def" : [ "chin_def", 7, "chin_def", 10 ],
      "face_detail_eye_lower_lid_def" : [ "eye_lower_lid_def", 216, "eye_lower_lid_def", 243 ],
      "face_detail_eye_socket" : [ "eye_socket_02", 95, "eye_socket_02", 43 ],
      "face_detail_nasolabial" : [ "nasolabial_01", 7, "nasolabial_02", 18 ],
      "face_detail_nose_ridge_def" : [ "nose_ridge_def_neg", 195, "nose_ridge_def_pos", 6 ],
      "face_detail_nose_tip_def" : [ "nose_tip_def", 72, "nose_tip_def", 21 ],
      "face_detail_temple_def" : [ "temple_def", 91, "temple_def", 185 ],
      "expression_brow_wrinkles" : [ "brow_wrinkles_04", 255, "brow_wrinkles_02", 236 ],
      "expression_eye_wrinkles" : [ "eye_wrinkles_01", 54, "eye_wrinkles_01", 53 ],
      "expression_forehead_wrinkles" : [ "forehead_wrinkles_03", 186, "forehead_wrinkles_01", 16 ],
      "expression_other" : [ "cheek_wrinkles_left_01", 127, "cheek_wrinkles_left_01", 127 ],
      "complexion" : [ "complexion_1", 96, "complexion_4", 236 ],
      "gene_height" : [ "normal_height", 124, "normal_height", 119 ],
      "gene_bs_body_type" : [ "body_fat_head_fat_medium", 126, "body_fat_head_fat_full", 128 ],
      "gene_bs_body_shape" : [ "body_shape_average_clothed", 0, "body_shape_hourglass_full", 0 ],
      "gene_bs_bust" : [ "bust_clothes", 112, "bust_shape_2_full", 37 ],
      "gene_age" : [ "old_4", 77, "old_2", 33 ],
      "gene_eyebrows_shape" : [ "avg_spacing_avg_thickness", 176, "far_spacing_avg_thickness", 188 ],
      "gene_eyebrows_fullness" : [ "layer_2_lower_thickness", 156, "layer_2_avg_thickness", 185 ],
      "gene_body_hair" : [ "body_hair_sparse", 135, "body_hair_sparse", 175 ],
      "hairstyles" : [ "western_hairstyles", 52, "western_hairstyles", 52 ],
      "beards" : [ "western_beards", 111, "western_beards", 68 ],
      "eye_accessory" : [ "normal_eyes", 156, "normal_eyes", 156 ],
      "teeth_accessory" : [ "normal_teeth", 0, "normal_teeth", 0 ],
      "eyelashes_accessory" : [ "normal_eyelashes", 148, "normal_eyelashes", 148 ],
      "pose" : [ "", 255, "", 0 ],
      "clothes" : [ "western_low_nobility_clothes", 192, "most_clothes", 0 ],
      "headgear" : [ "no_headgear", 251, "no_headgear", 0 ],
      "legwear" : [ "western_common_legwear", 149, "all_legwear", 0 ]
    },
    "entity" : [ 1987942347, 1987942347 ]
  },
  "meta_secondary_portrait" : {
    "type" : "1573",
    "id" : 18128,
    "age" : 1043878.38,
    "genes" : {
      "hair_color" : [ 139, 59, 100, 55 ],
      "skin_color" : [ 39, 81, 52, 83 ],
      "eye_color" : [ 84, 147, 200, 188 ],
      "gene_chin_forward" : [ "chin_forward_pos", 142, "chin_forward_pos", 139 ],
      "gene_chin_height" : [ "chin_height_neg", 124, "chin_height_neg", 121 ],
      "gene_chin_width" : [ "chin_width_pos", 138, "chin_width_neg", 122 ],
      "gene_eye_angle" : [ "eye_angle_pos", 149, "eye_angle_pos", 134 ],
      "gene_eye_depth" : [ "eye_depth_pos", 134, "eye_depth_neg", 127 ],
      "gene_eye_height" : [ "eye_height_pos", 133, "eye_height_neg", 121 ],
      "gene_eye_distance" : [ "eye_distance_neg", 120, "eye_distance_neg", 121 ],
      "gene_eye_shut" : [ "eye_shut_pos", 143, "eye_shut_pos", 147 ],
      "gene_forehead_angle" : [ "forehead_angle_pos", 151, "forehead_angle_pos", 143 ],
      "gene_forehead_brow_height" : [ "forehead_brow_height_neg", 113, "forehead_brow_height_pos", 141 ],
      "gene_forehead_roundness" : [ "forehead_roundness_pos", 153, "forehead_roundness_neg", 96 ],
      "gene_forehead_width" : [ "forehead_width_neg", 96, "forehead_width_neg", 82 ],
      "gene_forehead_height" : [ "forehead_height_neg", 99, "forehead_height_neg", 113 ],
      "gene_head_height" : [ "head_height_neg", 122, "head_height_pos", 159 ],
      "gene_head_width" : [ "head_width_neg", 102, "head_width_neg", 63 ],
      "gene_head_profile" : [ "head_profile_neg", 125, "head_profile_pos", 161 ],
      "gene_head_top_height" : [ "head_top_height_pos", 130, "head_top_height_pos", 139 ],
      "gene_head_top_width" : [ "head_top_width_pos", 149, "head_top_width_pos", 160 ],
      "gene_jaw_angle" : [ "jaw_angle_pos", 161, "jaw_angle_neg", 124 ],
      "gene_jaw_forward" : [ "jaw_forward_pos", 131, "jaw_forward_pos", 134 ],
      "gene_jaw_height" : [ "jaw_height_pos", 132, "jaw_height_neg", 119 ],
      "gene_jaw_width" : [ "jaw_width_pos", 139, "jaw_width_neg", 88 ],
      "gene_mouth_corner_depth" : [ "mouth_corner_depth_neg", 122, "mouth_corner_depth_neg", 123 ],
      "gene_mouth_corner_height" : [ "mouth_corner_height_pos", 133, "mouth_corner_height_pos", 135 ],
      "gene_mouth_forward" : [ "mouth_forward_neg", 108, "mouth_forward_pos", 128 ],
      "gene_mouth_height" : [ "mouth_height_neg", 122, "mouth_height_pos", 160 ],
      "gene_mouth_width" : [ "mouth_width_neg", 109, "mouth_width_neg", 72 ],
      "gene_mouth_upper_lip_size" : [ "mouth_upper_lip_size_pos", 151, "mouth_upper_lip_size_pos", 150 ],
      "gene_mouth_lower_lip_size" : [ "mouth_lower_lip_size_neg", 98, "mouth_lower_lip_size_neg", 32 ],
      "gene_mouth_open" : [ "mouth_open_pos", 187, "mouth_open_neg", 94 ],
      "gene_neck_length" : [ "neck_length_neg", 112, "neck_length_neg", 119 ],
      "gene_neck_width" : [ "neck_width_pos", 127, "neck_width_neg", 105 ],
      "gene_bs_cheek_forward" : [ "cheek_forward_neg", 40, "cheek_forward_pos", 40 ],
      "gene_bs_cheek_height" : [ "cheek_height_neg", 25, "cheek_height_pos", 4 ],
      "gene_bs_cheek_width" : [ "cheek_width_neg", 17, "cheek_width_neg", 94 ],
      "gene_bs_ear_angle" : [ "ear_angle_pos", 2, "ear_angle_neg", 32 ],
      "gene_bs_ear_inner_shape" : [ "ear_inner_shape_pos", 187, "ear_inner_shape_pos", 31 ],
      "gene_bs_ear_bend" : [ "ear_upper_bend_pos", 52, "ear_lower_bend_pos", 32 ],
      "gene_bs_ear_outward" : [ "ear_outward_pos", 38, "ear_outward_pos", 1 ],
      "gene_bs_ear_size" : [ "ear_size_neg", 45, "ear_size_pos", 1 ],
      "gene_bs_eye_corner_depth" : [ "eye_corner_depth_neg", 127, "eye_corner_depth_neg", 103 ],
      "gene_bs_eye_fold_shape" : [ "eye_fold_shape_neg", 80, "eye_fold_shape_neg", 133 ],
      "gene_bs_eye_size" : [ "eye_size_pos", 14, "eye_size_pos", 40 ],
      "gene_bs_eye_upper_lid_size" : [ "eye_upper_lid_size_neg", 32, "eye_upper_lid_size_pos", 186 ],
      "gene_bs_forehead_brow_curve" : [ "forehead_brow_curve_neg", 134, "forehead_brow_curve_neg", 105 ],
      "gene_bs_forehead_brow_forward" : [ "forehead_brow_forward_pos", 96, "forehead_brow_forward_pos", 127 ],
      "gene_bs_forehead_brow_inner_height" : [ "forehead_brow_inner_height_pos", 8, "forehead_brow_inner_height_pos", 24 ],
      "gene_bs_forehead_brow_outer_height" : [ "forehead_brow_outer_height_pos", 4, "forehead_brow_outer_height_pos", 74 ],
      "gene_bs_forehead_brow_width" : [ "forehead_brow_width_neg", 21, "forehead_brow_width_pos", 107 ],
      "gene_bs_jaw_def" : [ "jaw_def_neg", 13, "jaw_def_pos", 34 ],
      "gene_bs_mouth_lower_lip_def" : [ "mouth_lower_lip_def_pos", 24, "mouth_lower_lip_def_pos", 42 ],
      "gene_bs_mouth_lower_lip_full" : [ "mouth_lower_lip_full_pos", 28, "mouth_lower_lip_full_pos", 18 ],
      "gene_bs_mouth_lower_lip_pad" : [ "mouth_lower_lip_pad_pos", 7, "mouth_lower_lip_pad_neg", 118 ],
      "gene_bs_mouth_lower_lip_width" : [ "mouth_lower_lip_width_neg", 32, "mouth_lower_lip_width_pos", 10 ],
      "gene_bs_mouth_philtrum_def" : [ "mouth_philtrum_def_pos", 16, "mouth_philtrum_def_pos", 26 ],
      "gene_bs_mouth_philtrum_shape" : [ "mouth_philtrum_shape_pos", 9, "mouth_philtrum_shape_neg", 30 ],
      "gene_bs_mouth_philtrum_width" : [ "mouth_philtrum_width_neg", 44, "mouth_philtrum_width_pos", 172 ],
      "gene_bs_mouth_upper_lip_def" : [ "mouth_upper_lip_def_pos", 10, "mouth_upper_lip_def_pos", 51 ],
      "gene_bs_mouth_upper_lip_full" : [ "mouth_upper_lip_full_pos", 35, "mouth_upper_lip_full_pos", 17 ],
      "gene_bs_mouth_upper_lip_profile" : [ "mouth_upper_lip_profile_pos", 39, "mouth_upper_lip_profile_pos", 199 ],
      "gene_bs_mouth_upper_lip_width" : [ "mouth_upper_lip_width_neg", 30, "mouth_upper_lip_width_pos", 1 ],
      "gene_bs_nose_forward" : [ "nose_forward_pos", 15, "nose_forward_neg", 8 ],
      "gene_bs_nose_height" : [ "nose_height_pos", 47, "nose_height_pos", 1 ],
      "gene_bs_nose_length" : [ "nose_length_neg", 79, "nose_length_neg", 70 ],
      "gene_bs_nose_nostril_height" : [ "nose_nostril_height_neg", 3, "nose_nostril_height_pos", 19 ],
      "gene_bs_nose_nostril_width" : [ "nose_nostril_width_neg", 51, "nose_nostril_width_pos", 39 ],
      "gene_bs_nose_profile" : [ "nose_profile_hawk", 51, "nose_profile_hawk", 106 ],
      "gene_bs_nose_ridge_angle" : [ "nose_ridge_angle_pos", 12, "nose_ridge_angle_neg", 6 ],
      "gene_bs_nose_ridge_width" : [ "nose_ridge_width_neg", 9, "nose_ridge_width_neg", 0 ],
      "gene_bs_nose_size" : [ "nose_size_pos", 50, "nose_size_neg", 12 ],
      "gene_bs_nose_tip_angle" : [ "nose_tip_angle_pos", 30, "nose_tip_angle_neg", 22 ],
      "gene_bs_nose_tip_forward" : [ "nose_tip_forward_neg", 7, "nose_tip_forward_neg", 34 ],
      "gene_bs_nose_tip_width" : [ "nose_tip_width_pos", 42, "nose_tip_width_pos", 121 ],
      "face_detail_cheek_def" : [ "cheek_def_01", 8, "cheek_def_02", 23 ],
      "face_detail_cheek_fat" : [ "cheek_fat_02_pos", 32, "cheek_fat_01_neg", 192 ],
      "face_detail_chin_cleft" : [ "chin_cleft", 12, "chin_dimple", 14 ],
      "face_detail_chin_def" : [ "chin_def", 31, "chin_def", 20 ],
      "face_detail_eye_lower_lid_def" : [ "eye_lower_lid_def", 227, "eye_lower_lid_def", 174 ],
      "face_detail_eye_socket" : [ "eye_socket_01", 207, "eye_socket_03", 240 ],
      "face_detail_nasolabial" : [ "nasolabial_01", 4, "nasolabial_03", 5 ],
      "face_detail_nose_ridge_def" : [ "nose_ridge_def_pos", 58, "nose_ridge_def_neg", 0 ],
      "face_detail_nose_tip_def" : [ "nose_tip_def", 43, "nose_tip_def", 254 ],
      "face_detail_temple_def" : [ "temple_def", 220, "temple_def", 180 ],
      "expression_brow_wrinkles" : [ "brow_wrinkles_03", 20, "brow_wrinkles_01", 99 ],
      "expression_eye_wrinkles" : [ "eye_wrinkles_01", 65, "eye_wrinkles_02", 234 ],
      "expression_forehead_wrinkles" : [ "forehead_wrinkles_01", 51, "forehead_wrinkles_01", 31 ],
      "expression_other" : [ "cheek_wrinkles_left_01", 127, "cheek_wrinkles_left_01", 127 ],
      "complexion" : [ "complexion_5", 163, "complexion_3", 164 ],
      "gene_height" : [ "normal_height", 129, "normal_height", 123 ],
      "gene_bs_body_type" : [ "body_fat_head_fat_low", 144, "body_fat_head_fat_low", 121 ],
      "gene_bs_body_shape" : [ "body_shape_average_clothed", 102, "body_shape_pear_full", 0 ],
      "gene_bs_bust" : [ "bust_clothes", 167, "bust_shape_1_full", 170 ],
      "gene_age" : [ "old_1", 245, "old_1", 173 ],
      "gene_eyebrows_shape" : [ "close_spacing_avg_thickness", 184, "far_spacing_low_thickness", 145 ],
      "gene_eyebrows_fullness" : [ "layer_2_avg_thickness", 188, "layer_2_low_thickness", 237 ],
      "gene_body_hair" : [ "body_hair_sparse", 183, "body_hair_avg", 127 ],
      "hairstyles" : [ "western_hairstyles", 63, "western_hairstyles", 63 ],
      "beards" : [ "western_beards", 86, "northern_beards", 125 ],
      "eye_accessory" : [ "normal_eyes", 22, "normal_eyes", 22 ],
      "teeth_accessory" : [ "normal_teeth", 0, "normal_teeth", 0 ],
      "eyelashes_accessory" : [ "normal_eyelashes", 76, "normal_eyelashes", 76 ],
      "pose" : [ "", 255, "", 0 ],
      "clothes" : [ "western_high_nobility_clothes", 129, "most_clothes", 0 ],
      "headgear" : [ "western_high_nobility", 175, "no_headgear", 0 ],
      "legwear" : [ "western_common_legwear", 252, "all_legwear", 0 ]
    },
    "entity" : [ 2897174647, 2897174647 ]
  },
  "meta_front_end_background" : "main_menu/frontend_west.dds",
  "meta_government" : "feudal_government",
  "meta_real_date" : {
    "day" : 30,
    "month" : 11,
    "year" : 120,
    "days_since_beginning" : 1869133
  },
  "meta_number_of_players" : 1,
  "game_rules" : {
    "settings" : [ "normal_difficulty", "ai_significant_exclave_independence", "default_multiplayer_murder_schemes", "default_minor_disease_frequency", "default_matrilineal_marriages", "default_gender_equality", "default_regional_heresy", "default_mongol_invasion", "default_casus_belli_costs", "default_culture_conversion_speed", "default_faith_conversion_speed", "default_diplomatic_range", "1453_end_date", "on_limited_de_jure_requirement", "on_custom_kingdoms", "on_generate_families", "default_same_sex_relations", "sexuality_distribution_default", "default_faith_acceptance", "randomized_faiths_off", "random_ruler_placement_off", "default_nudity", "launch_historical" ]
  },
  "can_get_achievements" : true,
  "ironman" : false
}