{
  "active_opinions" : [ {
    "owner" : 15547,
    "target" : 15075,
    "temporary_opinion" : {
      "modifier" : "declared_war",
      "start_date" : {
        "day" : 15,
        "month" : 9,
        "year" : 1066,
        "days_since_beginning" : 2214347
      },
      "expiration_date" : {
        "day" : 15,
        "month" : 9,
        "year" : 1078,
        "days_since_beginning" : 2218727
      },
      "converging" : {
        "total_days" : 4380,
        "opinion" : -0.762939453125
      },
      "value" : -25,
      "revoke_title_reason" : 1
    }
  }, {
    "owner" : 14010,
    "target" : 15075,
    "temporary_opinion" : {
      "modifier" : "declared_war_on_son_daughter",
      "start_date" : {
        "day" : 15,
        "month" : 9,
        "year" : 1066,
        "days_since_beginning" : 2214347
      },
      "expiration_date" : {
        "day" : 15,
        "month" : 9,
        "year" : 1075,
        "days_since_beginning" : 2217632
      },
      "converging" : {
        "total_days" : 3285,
        "opinion" : -0.457763671875
      },
      "value" : -15
    }
  }, {
    "owner" : 15547,
    "target" : 15920,
    "temporary_opinion" : {
      "modifier" : "declared_war",
      "start_date" : {
        "day" : 15,
        "month" : 9,
        "year" : 1066,
        "days_since_beginning" : 2214347
      },
      "expiration_date" : {
        "day" : 15,
        "month" : 9,
        "year" : 1078,
        "days_since_beginning" : 2218727
      },
      "converging" : {
        "total_days" : 4380,
        "opinion" : -0.762939453125
      },
      "value" : -25,
      "revoke_title_reason" : 1
    }
  }, {
    "owner" : 14010,
    "target" : 15920,
    "temporary_opinion" : {
      "modifier" : "declared_war_on_son_daughter",
      "start_date" : {
        "day" : 15,
        "month" : 9,
        "year" : 1066,
        "days_since_beginning" : 2214347
      },
      "expiration_date" : {
        "day" : 15,
        "month" : 9,
        "year" : 1075,
        "days_since_beginning" : 2217632
      },
      "converging" : {
        "total_days" : 3285,
        "opinion" : -0.457763671875
      },
      "value" : -15
    }
  }, {
    "owner" : 14617,
    "target" : 16009,
    "temporary_opinion" : {
      "modifier" : "declared_war",
      "start_date" : {
        "day" : 15,
        "month" : 9,
        "year" : 1066,
        "days_since_beginning" : 2214347
      },
      "expiration_date" : {
        "day" : 15,
        "month" : 9,
        "year" : 1078,
        "days_since_beginning" : 2218727
      },
      "converging" : {
        "total_days" : 4380,
        "opinion" : -0.762939453125
      },
      "value" : -25,
      "revoke_title_reason" : 1
    }
  }, {
    "owner" : 14843,
    "target" : 16178,
    "temporary_opinion" : {
      "modifier" : "declared_war",
      "start_date" : {
        "day" : 15,
        "month" : 9,
        "year" : 1066,
        "days_since_beginning" : 2214347
      },
      "expiration_date" : {
        "day" : 15,
        "month" : 9,
        "year" : 1078,
        "days_since_beginning" : 2218727
      },
      "converging" : {
        "total_days" : 4380,
        "opinion" : -0.762939453125
      },
      "value" : -25,
      "revoke_title_reason" : 1
    }
  }, {
    "owner" : 17394,
    "target" : 15613,
    "scripted_relations" : {
      "rival" : [ 0 ]
    }
  }, {
    "owner" : 15613,
    "target" : 17394,
    "scripted_relations" : {
      "rival" : [ 0 ]
    }
  }, {
    "owner" : 15547,
    "target" : 15823,
    "scripted_relations" : {
      "lover" : [ 0 ]
    }
  }, {
    "owner" : 15823,
    "target" : 15547,
    "temporary_opinion" : {
      "modifier" : "divorced_me_opinion",
      "start_date" : {
        "day" : 15,
        "month" : 9,
        "year" : 1066,
        "days_since_beginning" : 2214347
      },
      "expiration_date" : {
        "day" : 15,
        "month" : 9,
        "year" : 1116,
        "days_since_beginning" : 2232597
      },
      "converging" : {
        "total_days" : 18250,
        "opinion" : -0.762939453125
      },
      "value" : -25
    },
    "scripted_relations" : {
      "lover" : [ 0 ]
    }
  }, {
    "owner" : 17898,
    "target" : 17670,
    "scripted_relations" : {
      "friend" : [ 0 ]
    }
  }, {
    "owner" : 17670,
    "target" : 17898,
    "scripted_relations" : {
      "friend" : [ 0 ]
    }
  }, {
    "owner" : 16627,
    "target" : 17520,
    "scripted_relations" : {
      "rival" : [ 0 ]
    }
  }, {
    "owner" : 17520,
    "target" : 16627,
    "scripted_relations" : {
      "rival" : [ 0 ]
    }
  }, {
    "owner" : 16627,
    "target" : 17172,
    "scripted_relations" : {
      "rival" : [ 0 ]
    }
  }, {
    "owner" : 17172,
    "target" : 16627,
    "scripted_relations" : {
      "rival" : [ 0 ]
    }
  }, {
    "owner" : 16627,
    "target" : 17610,
    "scripted_relations" : {
      "friend" : [ 0 ]
    }
  }, {
    "owner" : 17610,
    "target" : 16627,
    "scripted_relations" : {
      "friend" : [ 0 ]
    }
  }, {
    "owner" : 16845,
    "target" : 16627,
    "scripted_relations" : {
      "rival" : [ 0 ]
    }
  }, {
    "owner" : 16627,
    "target" : 16845,
    "scripted_relations" : {
      "rival" : [ 0 ]
    }
  }, {
    "owner" : 16845,
    "target" : 17494,
    "scripted_relations" : {
      "friend" : [ 0 ]
    }
  }, {
    "owner" : 17494,
    "target" : 16845,
    "scripted_relations" : {
      "friend" : [ 0 ]
    }
  }, {
    "owner" : 16845,
    "target" : 17099,
    "scripted_relations" : {
      "lover" : [ 0 ]
    }
  }, {
    "owner" : 17099,
    "target" : 16845,
    "scripted_relations" : {
      "lover" : [ 0 ]
    }
  }, {
    "owner" : 17394,
    "target" : 17579,
    "scripted_relations" : {
      "soulmate" : [ 0 ]
    }
  }, {
    "owner" : 17579,
    "target" : 17394,
    "scripted_relations" : {
      "soulmate" : [ 0 ]
    }
  }, {
    "owner" : 16291,
    "target" : 18124,
    "scripted_relations" : {
      "rival" : [ 0 ]
    }
  }, {
    "owner" : 18124,
    "target" : 16291,
    "scripted_relations" : {
      "rival" : [ 0 ]
    }
  }, {
    "owner" : 16291,
    "target" : 15696,
    "scripted_relations" : {
      "friend" : [ 0 ]
    }
  }, {
    "owner" : 15696,
    "target" : 16291,
    "scripted_relations" : {
      "friend" : [ 0 ]
    }
  }, {
    "owner" : 17172,
    "target" : 16690,
    "scripted_relations" : {
      "friend" : [ 0 ]
    }
  }, {
    "owner" : 16690,
    "target" : 17172,
    "scripted_relations" : {
      "friend" : [ 0 ]
    }
  }, {
    "owner" : 16389,
    "target" : 17172,
    "scripted_relations" : {
      "lover" : [ 0 ]
    }
  }, {
    "owner" : 17172,
    "target" : 16389,
    "scripted_relations" : {
      "lover" : [ 0 ]
    }
  }, {
    "owner" : 17385,
    "target" : 15696,
    "scripted_relations" : {
      "rival" : [ 0 ]
    }
  }, {
    "owner" : 15696,
    "target" : 17385,
    "scripted_relations" : {
      "rival" : [ 0 ]
    }
  }, {
    "owner" : 14946,
    "target" : 17084,
    "scripted_relations" : {
      "rival" : [ 0 ]
    }
  }, {
    "owner" : 17084,
    "target" : 14946,
    "scripted_relations" : {
      "rival" : [ 0 ]
    }
  }, {
    "owner" : 18139,
    "target" : 15547,
    "temporary_opinion" : {
      "modifier" : "divorced_close_kin",
      "start_date" : {
        "day" : 15,
        "month" : 9,
        "year" : 1066,
        "days_since_beginning" : 2214347
      },
      "expiration_date" : {
        "day" : 15,
        "month" : 9,
        "year" : 1071,
        "days_since_beginning" : 2216172
      },
      "converging" : {
        "total_days" : 1825,
        "opinion" : -0.152587890625
      },
      "value" : -5
    }
  }, {
    "owner" : 18211,
    "target" : 15547,
    "temporary_opinion" : {
      "modifier" : "divorced_close_kin",
      "start_date" : {
        "day" : 15,
        "month" : 9,
        "year" : 1066,
        "days_since_beginning" : 2214347
      },
      "expiration_date" : {
        "day" : 15,
        "month" : 9,
        "year" : 1071,
        "days_since_beginning" : 2216172
      },
      "converging" : {
        "total_days" : 1825,
        "opinion" : -0.152587890625
      },
      "value" : -5
    }
  }, {
    "owner" : 18544,
    "target" : 15547,
    "temporary_opinion" : {
      "modifier" : "divorced_close_kin",
      "start_date" : {
        "day" : 15,
        "month" : 9,
        "year" : 1066,
        "days_since_beginning" : 2214347
      },
      "expiration_date" : {
        "day" : 15,
        "month" : 9,
        "year" : 1071,
        "days_since_beginning" : 2216172
      },
      "converging" : {
        "total_days" : 1825,
        "opinion" : -0.152587890625
      },
      "value" : -5
    }
  }, {
    "owner" : 18645,
    "target" : 15547,
    "temporary_opinion" : {
      "modifier" : "divorced_close_kin",
      "start_date" : {
        "day" : 15,
        "month" : 9,
        "year" : 1066,
        "days_since_beginning" : 2214347
      },
      "expiration_date" : {
        "day" : 15,
        "month" : 9,
        "year" : 1071,
        "days_since_beginning" : 2216172
      },
      "converging" : {
        "total_days" : 1825,
        "opinion" : -0.152587890625
      },
      "value" : -5
    }
  }, {
    "owner" : 18807,
    "target" : 15547,
    "temporary_opinion" : {
      "modifier" : "divorced_close_kin",
      "start_date" : {
        "day" : 15,
        "month" : 9,
        "year" : 1066,
        "days_since_beginning" : 2214347
      },
      "expiration_date" : {
        "day" : 15,
        "month" : 9,
        "year" : 1071,
        "days_since_beginning" : 2216172
      },
      "converging" : {
        "total_days" : 1825,
        "opinion" : -0.152587890625
      },
      "value" : -5
    }
  }, {
    "owner" : 15696,
    "target" : 15547,
    "scripted_relations" : {
      "nemesis" : [ 0 ]
    }
  }, {
    "owner" : 15547,
    "target" : 15696,
    "scripted_relations" : {
      "nemesis" : [ 0 ]
    }
  }, {
    "owner" : 17610,
    "target" : 17424,
    "scripted_relations" : {
      "potential_rival" : [ 0 ]
    }
  }, {
    "owner" : 17424,
    "target" : 17610,
    "scripted_relations" : {
      "potential_rival" : [ 0 ]
    }
  }, {
    "owner" : 17610,
    "target" : 17172,
    "scripted_relations" : {
      "potential_rival" : [ 0 ]
    }
  }, {
    "owner" : 17172,
    "target" : 17610,
    "scripted_relations" : {
      "potential_rival" : [ 0 ]
    }
  }, {
    "owner" : 17520,
    "target" : 16399,
    "scripted_relations" : {
      "rival" : [ 0 ]
    }
  }, {
    "owner" : 16399,
    "target" : 17520,
    "scripted_relations" : {
      "rival" : [ 0 ]
    }
  }, {
    "owner" : 14857,
    "target" : 16103,
    "scripted_relations" : {
      "rival" : [ 0 ]
    }
  }, {
    "owner" : 16103,
    "target" : 14857,
    "scripted_relations" : {
      "rival" : [ 0 ]
    }
  }, {
    "owner" : 15690,
    "target" : 18037,
    "temporary_opinion" : {
      "modifier" : "hate_opinion",
      "start_date" : {
        "day" : 15,
        "month" : 9,
        "year" : 1066,
        "days_since_beginning" : 2214347
      },
      "expiration_date" : {
        "day" : 2,
        "month" : 2,
        "year" : 1231,
        "days_since_beginning" : 2274347
      },
      "converging" : {
        "opinion" : -3.0517578125
      },
      "value" : -100
    },
    "scripted_relations" : {
      "rival" : [ 0 ]
    }
  }, {
    "owner" : 18037,
    "target" : 15690,
    "temporary_opinion" : {
      "modifier" : "hate_opinion",
      "start_date" : {
        "day" : 15,
        "month" : 9,
        "year" : 1066,
        "days_since_beginning" : 2214347
      },
      "expiration_date" : {
        "day" : 2,
        "month" : 2,
        "year" : 1231,
        "days_since_beginning" : 2274347
      },
      "converging" : {
        "opinion" : -3.0517578125
      },
      "value" : -100
    },
    "scripted_relations" : {
      "rival" : [ 0 ]
    }
  }, {
    "owner" : 15690,
    "target" : 15918,
    "temporary_opinion" : {
      "modifier" : "hate_opinion",
      "start_date" : {
        "day" : 15,
        "month" : 9,
        "year" : 1066,
        "days_since_beginning" : 2214347
      },
      "expiration_date" : {
        "day" : 2,
        "month" : 2,
        "year" : 1231,
        "days_since_beginning" : 2274347
      },
      "converging" : {
        "opinion" : -3.0517578125
      },
      "value" : -100
    },
    "scripted_relations" : {
      "rival" : [ 0 ]
    }
  }, {
    "owner" : 15918,
    "target" : 15690,
    "temporary_opinion" : {
      "modifier" : "hate_opinion",
      "start_date" : {
        "day" : 15,
        "month" : 9,
        "year" : 1066,
        "days_since_beginning" : 2214347
      },
      "expiration_date" : {
        "day" : 2,
        "month" : 2,
        "year" : 1231,
        "days_since_beginning" : 2274347
      },
      "converging" : {
        "opinion" : -3.0517578125
      },
      "value" : -100
    },
    "scripted_relations" : {
      "rival" : [ 0 ]
    }
  }, {
    "owner" : 15690,
    "target" : 16223,
    "temporary_opinion" : {
      "modifier" : "hate_opinion",
      "start_date" : {
        "day" : 15,
        "month" : 9,
        "year" : 1066,
        "days_since_beginning" : 2214347
      },
      "expiration_date" : {
        "day" : 2,
        "month" : 2,
        "year" : 1231,
        "days_since_beginning" : 2274347
      },
      "converging" : {
        "opinion" : -3.0517578125
      },
      "value" : -100
    },
    "scripted_relations" : {
      "rival" : [ 0 ]
    }
  }, {
    "owner" : 16223,
    "target" : 15690,
    "temporary_opinion" : {
      "modifier" : "hate_opinion",
      "start_date" : {
        "day" : 15,
        "month" : 9,
        "year" : 1066,
        "days_since_beginning" : 2214347
      },
      "expiration_date" : {
        "day" : 2,
        "month" : 2,
        "year" : 1231,
        "days_since_beginning" : 2274347
      },
      "converging" : {
        "opinion" : -3.0517578125
      },
      "value" : -100
    },
    "scripted_relations" : {
      "rival" : [ 0 ]
    }
  }, {
    "owner" : 15690,
    "target" : 16224,
    "temporary_opinion" : {
      "modifier" : "hate_opinion",
      "start_date" : {
        "day" : 15,
        "month" : 9,
        "year" : 1066,
        "days_since_beginning" : 2214347
      },
      "expiration_date" : {
        "day" : 2,
        "month" : 2,
        "year" : 1231,
        "days_since_beginning" : 2274347
      },
      "converging" : {
        "opinion" : -3.0517578125
      },
      "value" : -100
    },
    "scripted_relations" : {
      "rival" : [ 0 ]
    }
  }, {
    "owner" : 16224,
    "target" : 15690,
    "temporary_opinion" : {
      "modifier" : "hate_opinion",
      "start_date" : {
        "day" : 15,
        "month" : 9,
        "year" : 1066,
        "days_since_beginning" : 2214347
      },
      "expiration_date" : {
        "day" : 2,
        "month" : 2,
        "year" : 1231,
        "days_since_beginning" : 2274347
      },
      "converging" : {
        "opinion" : -3.0517578125
      },
      "value" : -100
    },
    "scripted_relations" : {
      "rival" : [ 0 ]
    }
  }, {
    "owner" : 15918,
    "target" : 16223,
    "temporary_opinion" : {
      "modifier" : "hate_opinion",
      "start_date" : {
        "day" : 15,
        "month" : 9,
        "year" : 1066,
        "days_since_beginning" : 2214347
      },
      "expiration_date" : {
        "day" : 2,
        "month" : 2,
        "year" : 1231,
        "days_since_beginning" : 2274347
      },
      "converging" : {
        "opinion" : -3.0517578125
      },
      "value" : -100
    },
    "scripted_relations" : {
      "rival" : [ 0 ]
    }
  }, {
    "owner" : 16223,
    "target" : 15918,
    "temporary_opinion" : {
      "modifier" : "hate_opinion",
      "start_date" : {
        "day" : 15,
        "month" : 9,
        "year" : 1066,
        "days_since_beginning" : 2214347
      },
      "expiration_date" : {
        "day" : 2,
        "month" : 2,
        "year" : 1231,
        "days_since_beginning" : 2274347
      },
      "converging" : {
        "opinion" : -3.0517578125
      },
      "value" : -100
    },
    "scripted_relations" : {
      "rival" : [ 0 ]
    }
  }, {
    "owner" : 15918,
    "target" : 16224,
    "temporary_opinion" : {
      "modifier" : "hate_opinion",
      "start_date" : {
        "day" : 15,
        "month" : 9,
        "year" : 1066,
        "days_since_beginning" : 2214347
      },
      "expiration_date" : {
        "day" : 2,
        "month" : 2,
        "year" : 1231,
        "days_since_beginning" : 2274347
      },
      "converging" : {
        "opinion" : -3.0517578125
      },
      "value" : -100
    },
    "scripted_relations" : {
      "rival" : [ 0 ]
    }
  }, {
    "owner" : 16224,
    "target" : 15918,
    "temporary_opinion" : {
      "modifier" : "hate_opinion",
      "start_date" : {
        "day" : 15,
        "month" : 9,
        "year" : 1066,
        "days_since_beginning" : 2214347
      },
      "expiration_date" : {
        "day" : 2,
        "month" : 2,
        "year" : 1231,
        "days_since_beginning" : 2274347
      },
      "converging" : {
        "opinion" : -3.0517578125
      },
      "value" : -100
    },
    "scripted_relations" : {
      "rival" : [ 0 ]
    }
  }, {
    "owner" : 15918,
    "target" : 18037,
    "temporary_opinion" : {
      "modifier" : "hate_opinion",
      "start_date" : {
        "day" : 15,
        "month" : 9,
        "year" : 1066,
        "days_since_beginning" : 2214347
      },
      "expiration_date" : {
        "day" : 2,
        "month" : 2,
        "year" : 1231,
        "days_since_beginning" : 2274347
      },
      "converging" : {
        "opinion" : -3.0517578125
      },
      "value" : -100
    },
    "scripted_relations" : {
      "rival" : [ 0 ]
    }
  }, {
    "owner" : 16223,
    "target" : 16224,
    "temporary_opinion" : {
      "modifier" : "hate_opinion",
      "start_date" : {
        "day" : 15,
        "month" : 9,
        "year" : 1066,
        "days_since_beginning" : 2214347
      },
      "expiration_date" : {
        "day" : 2,
        "month" : 2,
        "year" : 1231,
        "days_since_beginning" : 2274347
      },
      "converging" : {
        "opinion" : -3.0517578125
      },
      "value" : -100
    },
    "scripted_relations" : {
      "rival" : [ 0 ]
    }
  }, {
    "owner" : 16224,
    "target" : 16223,
    "temporary_opinion" : {
      "modifier" : "hate_opinion",
      "start_date" : {
        "day" : 15,
        "month" : 9,
        "year" : 1066,
        "days_since_beginning" : 2214347
      },
      "expiration_date" : {
        "day" : 2,
        "month" : 2,
        "year" : 1231,
        "days_since_beginning" : 2274347
      },
      "converging" : {
        "opinion" : -3.0517578125
      },
      "value" : -100
    },
    "scripted_relations" : {
      "rival" : [ 0 ]
    }
  }, {
    "owner" : 16223,
    "target" : 18037,
    "temporary_opinion" : {
      "modifier" : "hate_opinion",
      "start_date" : {
        "day" : 15,
        "month" : 9,
        "year" : 1066,
        "days_since_beginning" : 2214347
      },
      "expiration_date" : {
        "day" : 2,
        "month" : 2,
        "year" : 1231,
        "days_since_beginning" : 2274347
      },
      "converging" : {
        "opinion" : -3.0517578125
      },
      "value" : -100
    },
    "scripted_relations" : {
      "rival" : [ 0 ]
    }
  }, {
    "owner" : 16224,
    "target" : 18037,
    "temporary_opinion" : {
      "modifier" : "hate_opinion",
      "start_date" : {
        "day" : 15,
        "month" : 9,
        "year" : 1066,
        "days_since_beginning" : 2214347
      },
      "expiration_date" : {
        "day" : 2,
        "month" : 2,
        "year" : 1231,
        "days_since_beginning" : 2274347
      },
      "converging" : {
        "opinion" : -3.0517578125
      },
      "value" : -100
    },
    "scripted_relations" : {
      "rival" : [ 0 ]
    }
  }, {
    "owner" : 18037,
    "target" : 15918,
    "temporary_opinion" : {
      "modifier" : "hate_opinion",
      "start_date" : {
        "day" : 15,
        "month" : 9,
        "year" : 1066,
        "days_since_beginning" : 2214347
      },
      "expiration_date" : {
        "day" : 2,
        "month" : 2,
        "year" : 1231,
        "days_since_beginning" : 2274347
      },
      "converging" : {
        "opinion" : -3.0517578125
      },
      "value" : -100
    },
    "scripted_relations" : {
      "rival" : [ 0 ]
    }
  }, {
    "owner" : 18037,
    "target" : 16223,
    "temporary_opinion" : {
      "modifier" : "hate_opinion",
      "start_date" : {
        "day" : 15,
        "month" : 9,
        "year" : 1066,
        "days_since_beginning" : 2214347
      },
      "expiration_date" : {
        "day" : 2,
        "month" : 2,
        "year" : 1231,
        "days_since_beginning" : 2274347
      },
      "converging" : {
        "opinion" : -3.0517578125
      },
      "value" : -100
    },
    "scripted_relations" : {
      "rival" : [ 0 ]
    }
  }, {
    "owner" : 18037,
    "target" : 16224,
    "temporary_opinion" : {
      "modifier" : "hate_opinion",
      "start_date" : {
        "day" : 15,
        "month" : 9,
        "year" : 1066,
        "days_since_beginning" : 2214347
      },
      "expiration_date" : {
        "day" : 2,
        "month" : 2,
        "year" : 1231,
        "days_since_beginning" : 2274347
      },
      "converging" : {
        "opinion" : -3.0517578125
      },
      "value" : -100
    },
    "scripted_relations" : {
      "rival" : [ 0 ]
    }
  }, {
    "owner" : 18657,
    "target" : 15800,
    "scripted_relations" : {
      "rival" : [ 0 ]
    }
  }, {
    "owner" : 15800,
    "target" : 18657,
    "scripted_relations" : {
      "rival" : [ 0 ]
    }
  }, {
    "owner" : 15075,
    "target" : 15159,
    "scripted_relations" : {
      "lover" : [ 0 ]
    }
  }, {
    "owner" : 15159,
    "target" : 15075,
    "scripted_relations" : {
      "lover" : [ 0 ]
    }
  }, {
    "owner" : 15075,
    "target" : 15224,
    "scripted_relations" : {
      "rival" : [ 0 ]
    }
  }, {
    "owner" : 15224,
    "target" : 15075,
    "scripted_relations" : {
      "rival" : [ 0 ]
    }
  } ]
}