{
  "religions" : {
    "0" : {
      "template" : "akom_religion",
      "tag" : "akom_religion",
      "graphical_faith" : "",
      "piety_icon_group" : "",
      "doctrine_background_icon" : "",
      "family" : "rf_pagan",
      "faiths" : [ 0 ]
    },
    "1" : {
      "template" : "baltic_religion",
      "tag" : "baltic_religion",
      "graphical_faith" : "pagan_gfx",
      "piety_icon_group" : "",
      "doctrine_background_icon" : "",
      "family" : "rf_pagan",
      "faiths" : [ 1 ]
    },
    "2" : {
      "template" : "bon_religion",
      "tag" : "bon_religion",
      "graphical_faith" : "dharmic_gfx",
      "piety_icon_group" : "",
      "doctrine_background_icon" : "",
      "family" : "rf_pagan",
      "faiths" : [ 2, 3 ]
    },
    "3" : {
      "template" : "buddhism_religion",
      "tag" : "buddhism_religion",
      "graphical_faith" : "dharmic_gfx",
      "piety_icon_group" : "",
      "doctrine_background_icon" : "",
      "family" : "rf_eastern",
      "faiths" : [ 4, 5, 6, 7, 8 ]
    },
    "4" : {
      "template" : "christianity_religion",
      "tag" : "christianity_religion",
      "graphical_faith" : "",
      "piety_icon_group" : "christian",
      "doctrine_background_icon" : "core_tenet_banner_christian.dds",
      "family" : "rf_abrahamic",
      "faiths" : [ 9, 10, 11, 12, 13, 14, 15, 16, 17, 18, 19, 20, 21, 22, 23, 24 ]
    },
    "5" : {
      "template" : "tani_religion",
      "tag" : "tani_religion",
      "graphical_faith" : "",
      "piety_icon_group" : "",
      "doctrine_background_icon" : "",
      "family" : "rf_pagan",
      "faiths" : [ 25, 26 ]
    },
    "6" : {
      "template" : "dualism_religion",
      "tag" : "dualism_religion",
      "graphical_faith" : "",
      "piety_icon_group" : "",
      "doctrine_background_icon" : "",
      "family" : "rf_abrahamic",
      "faiths" : [ 27, 28, 29, 30, 31, 32, 33 ]
    },
    "7" : {
      "template" : "finno_ugric_religion",
      "tag" : "finno_ugric_religion",
      "graphical_faith" : "pagan_gfx",
      "piety_icon_group" : "",
      "doctrine_background_icon" : "",
      "family" : "rf_pagan",
      "faiths" : [ 34 ]
    },
    "8" : {
      "template" : "germanic_religion",
      "tag" : "germanic_religion",
      "graphical_faith" : "pagan_gfx",
      "piety_icon_group" : "",
      "doctrine_background_icon" : "",
      "family" : "rf_pagan",
      "faiths" : [ 35 ]
    },
    "9" : {
      "template" : "hellenism_religion",
      "tag" : "hellenism_religion",
      "graphical_faith" : "",
      "piety_icon_group" : "",
      "doctrine_background_icon" : "",
      "family" : "rf_pagan",
      "faiths" : [ 36 ]
    },
    "10" : {
      "template" : "hinduism_religion",
      "tag" : "hinduism_religion",
      "graphical_faith" : "dharmic_gfx",
      "piety_icon_group" : "",
      "doctrine_background_icon" : "",
      "family" : "rf_eastern",
      "faiths" : [ 37, 38, 39, 40, 41, 42, 43 ]
    },
    "11" : {
      "template" : "islam_religion",
      "tag" : "islam_religion",
      "graphical_faith" : "islamic_gfx",
      "piety_icon_group" : "islam",
      "doctrine_background_icon" : "core_tenet_banner_islam.dds",
      "family" : "rf_abrahamic",
      "faiths" : [ 44, 45, 46, 47, 48, 49, 50, 51, 52, 53, 54, 55, 56, 57, 58, 59, 60, 61, 62 ]
    },
    "12" : {
      "template" : "jainism_religion",
      "tag" : "jainism_religion",
      "graphical_faith" : "dharmic_gfx",
      "piety_icon_group" : "",
      "doctrine_background_icon" : "",
      "family" : "rf_eastern",
      "faiths" : [ 63, 64, 65 ]
    },
    "13" : {
      "template" : "judaism_religion",
      "tag" : "judaism_religion",
      "graphical_faith" : "judaism_gfx",
      "piety_icon_group" : "",
      "doctrine_background_icon" : "",
      "family" : "rf_abrahamic",
      "faiths" : [ 66, 67, 68, 69, 70, 71 ]
    },
    "14" : {
      "template" : "kushitism_religion",
      "tag" : "kushitism_religion",
      "graphical_faith" : "",
      "piety_icon_group" : "",
      "doctrine_background_icon" : "",
      "family" : "rf_pagan",
      "faiths" : [ 72 ]
    },
    "15" : {
      "template" : "magyar_religion",
      "tag" : "magyar_religion",
      "graphical_faith" : "pagan_gfx",
      "piety_icon_group" : "",
      "doctrine_background_icon" : "",
      "family" : "rf_pagan",
      "faiths" : [ 73 ]
    },
    "16" : {
      "template" : "mundhum_religion",
      "tag" : "mundhum_religion",
      "graphical_faith" : "",
      "piety_icon_group" : "",
      "doctrine_background_icon" : "",
      "family" : "rf_pagan",
      "faiths" : [ 74, 75 ]
    },
    "17" : {
      "template" : "paganism_religion",
      "tag" : "paganism_religion",
      "graphical_faith" : "",
      "piety_icon_group" : "",
      "doctrine_background_icon" : "",
      "family" : "rf_pagan",
      "faiths" : [ 76 ]
    },
    "18" : {
      "template" : "qiangic_religion",
      "tag" : "qiangic_religion",
      "graphical_faith" : "",
      "piety_icon_group" : "",
      "doctrine_background_icon" : "",
      "family" : "rf_pagan",
      "faiths" : [ 77, 78 ]
    },
    "19" : {
      "template" : "siberian_religion",
      "tag" : "siberian_religion",
      "graphical_faith" : "",
      "piety_icon_group" : "",
      "doctrine_background_icon" : "",
      "family" : "rf_pagan",
      "faiths" : [ 79 ]
    },
    "20" : {
      "template" : "slavic_religion",
      "tag" : "slavic_religion",
      "graphical_faith" : "pagan_gfx",
      "piety_icon_group" : "",
      "doctrine_background_icon" : "",
      "family" : "rf_pagan",
      "faiths" : [ 80 ]
    },
    "21" : {
      "template" : "taoism_religion",
      "tag" : "taoism_religion",
      "graphical_faith" : "dharmic_gfx",
      "piety_icon_group" : "",
      "doctrine_background_icon" : "",
      "family" : "rf_eastern",
      "faiths" : [ 81, 82, 83 ]
    },
    "22" : {
      "template" : "tengrism_religion",
      "tag" : "tengrism_religion",
      "graphical_faith" : "",
      "piety_icon_group" : "",
      "doctrine_background_icon" : "",
      "family" : "rf_pagan",
      "faiths" : [ 84 ]
    },
    "23" : {
      "template" : "waaqism_religion",
      "tag" : "waaqism_religion",
      "graphical_faith" : "",
      "piety_icon_group" : "",
      "doctrine_background_icon" : "",
      "family" : "rf_pagan",
      "faiths" : [ 85 ]
    },
    "24" : {
      "template" : "west_african_religion",
      "tag" : "west_african_religion",
      "graphical_faith" : "",
      "piety_icon_group" : "",
      "doctrine_background_icon" : "",
      "family" : "rf_pagan",
      "faiths" : [ 86, 87 ]
    },
    "25" : {
      "template" : "west_african_bori_religion",
      "tag" : "west_african_bori_religion",
      "graphical_faith" : "",
      "piety_icon_group" : "",
      "doctrine_background_icon" : "",
      "family" : "rf_pagan",
      "faiths" : [ 88 ]
    },
    "26" : {
      "template" : "west_african_orisha_religion",
      "tag" : "west_african_orisha_religion",
      "graphical_faith" : "",
      "piety_icon_group" : "",
      "doctrine_background_icon" : "",
      "family" : "rf_pagan",
      "faiths" : [ 89 ]
    },
    "27" : {
      "template" : "west_african_roog_religion",
      "tag" : "west_african_roog_religion",
      "graphical_faith" : "",
      "piety_icon_group" : "",
      "doctrine_background_icon" : "",
      "family" : "rf_pagan",
      "faiths" : [ 90 ]
    },
    "28" : {
      "template" : "yazidi_religion",
      "tag" : "yazidi_religion",
      "graphical_faith" : "islamic_gfx",
      "piety_icon_group" : "",
      "doctrine_background_icon" : "",
      "family" : "rf_abrahamic",
      "faiths" : [ 91, 92, 93 ]
    },
    "29" : {
      "template" : "zoroastrianism_religion",
      "tag" : "zoroastrianism_religion",
      "graphical_faith" : "",
      "piety_icon_group" : "",
      "doctrine_background_icon" : "",
      "family" : "rf_eastern",
      "faiths" : [ 94, 95, 96, 97, 98, 99, 100 ]
    },
    "30" : {
      "template" : "zunism_religion",
      "tag" : "zunism_religion",
      "graphical_faith" : "",
      "piety_icon_group" : "",
      "doctrine_background_icon" : "",
      "family" : "rf_pagan",
      "faiths" : [ 101 ]
    }
  },
  "faiths" : {
    "0" : {
      "template" : "akom_pagan",
      "tag" : "akom_pagan",
      "color" : "579",
      "icon" : "akanism",
      "texticon" : "\u0016akanism_icon!",
      "graphical_faith" : "",
      "piety_icon_group" : "",
      "doctrine_background_icon" : "",
      "fervor" : 1.52587890625,
      "religious_head" : 4294967295,
      "doctrine" : "unreformed_faith_doctrine",
      "religion" : 0,
      "holy_sites" : [ 148, 149, 150, 151, 135 ]
    },
    "1" : {
      "template" : "baltic_pagan",
      "tag" : "baltic_pagan",
      "color" : "579",
      "icon" : "baltic",
      "texticon" : "\u0016baltic_icon!",
      "graphical_faith" : "",
      "piety_icon_group" : "",
      "doctrine_background_icon" : "",
      "fervor" : 1.52587890625,
      "religious_head" : 4294967295,
      "doctrine" : "unreformed_faith_doctrine",
      "religion" : 1,
      "holy_sites" : [ 107, 108, 100, 109, 110 ]
    },
    "2" : {
      "template" : "bon",
      "tag" : "bon",
      "color" : "579",
      "icon" : "bon",
      "texticon" : "\u0016bon_icon!",
      "graphical_faith" : "",
      "piety_icon_group" : "",
      "doctrine_background_icon" : "",
      "fervor" : 1.52587890625,
      "religious_head" : 4294967295,
      "doctrine" : "pagan_hostility_doctrine",
      "religion" : 2,
      "holy_sites" : [ 126, 127, 128, 129, 161 ]
    },
    "3" : {
      "template" : "old_bon",
      "tag" : "old_bon",
      "color" : "579",
      "icon" : "spirit_bon",
      "texticon" : "\u0016spirit_bon_icon!",
      "graphical_faith" : "",
      "piety_icon_group" : "",
      "doctrine_background_icon" : "",
      "fervor" : 1.52587890625,
      "religious_head" : 4294967295,
      "doctrine" : "unreformed_faith_doctrine",
      "religion" : 2,
      "holy_sites" : [ 126, 127, 128, 129, 161 ],
      "variables" : {
        "data" : [ {
          "flag" : "has_been_reformed",
          "tick" : 0,
          "data" : {
            "type" : "1280",
            "identity" : 1
          }
        } ]
      }
    },
    "4" : {
      "template" : "theravada",
      "tag" : "theravada",
      "color" : "579",
      "icon" : "buddhism",
      "texticon" : "\u0016buddhism_icon!",
      "graphical_faith" : "",
      "piety_icon_group" : "",
      "doctrine_background_icon" : "",
      "fervor" : 1.52587890625,
      "religious_head" : 4294967295,
      "doctrine" : "eastern_hostility_doctrine",
      "religion" : 3,
      "holy_sites" : [ 52, 51, 53, 59, 57 ]
    },
    "5" : {
      "template" : "mahayana",
      "tag" : "mahayana",
      "color" : "579",
      "icon" : "mahayana",
      "texticon" : "\u0016mahayana_icon!",
      "graphical_faith" : "",
      "piety_icon_group" : "",
      "doctrine_background_icon" : "",
      "fervor" : 1.52587890625,
      "religious_head" : 4294967295,
      "doctrine" : "eastern_hostility_doctrine",
      "religion" : 3,
      "holy_sites" : [ 52, 51, 53, 54, 60 ]
    },
    "6" : {
      "template" : "vajrayana",
      "tag" : "vajrayana",
      "color" : "579",
      "icon" : "vajrayana",
      "texticon" : "\u0016vajrayana_icon!",
      "graphical_faith" : "",
      "piety_icon_group" : "",
      "doctrine_background_icon" : "",
      "fervor" : 1.52587890625,
      "religious_head" : 4294967295,
      "doctrine" : "eastern_hostility_doctrine",
      "religion" : 3,
      "holy_sites" : [ 52, 51, 53, 54, 55 ]
    },
    "7" : {
      "template" : "ari",
      "tag" : "ari",
      "color" : "579",
      "icon" : "exp_ari_buddhism",
      "texticon" : "\u0016exp_ari_buddhism_icon!",
      "graphical_faith" : "",
      "piety_icon_group" : "",
      "doctrine_background_icon" : "",
      "fervor" : 1.52587890625,
      "religious_head" : 4294967295,
      "doctrine" : "eastern_hostility_doctrine",
      "religion" : 3,
      "holy_sites" : [ 52, 51, 53, 58, 57 ]
    },
    "8" : {
      "template" : "lamaism",
      "tag" : "lamaism",
      "color" : "579",
      "icon" : "lamaism_buddhism",
      "texticon" : "\u0016lamaism_buddhism_icon!",
      "graphical_faith" : "",
      "piety_icon_group" : "",
      "doctrine_background_icon" : "",
      "fervor" : 1.52587890625,
      "religious_head" : 4294967295,
      "doctrine" : "eastern_hostility_doctrine",
      "religion" : 3,
      "holy_sites" : [ 52, 51, 128, 56, 129 ]
    },
    "9" : {
      "template" : "catholic",
      "tag" : "catholic",
      "color" : "579",
      "icon" : "catholic",
      "texticon" : "\u0016catholic_icon!",
      "graphical_faith" : "catholic_gfx",
      "piety_icon_group" : "",
      "doctrine_background_icon" : "",
      "fervor" : 1.52587890625,
      "religious_head" : 0,
      "doctrine" : "special_doctrine_ecumenical_christian",
      "religion" : 4,
      "holy_sites" : [ 0, 1, 2, 3, 4, 5 ]
    },
    "10" : {
      "template" : "orthodox",
      "tag" : "orthodox",
      "color" : "579",
      "icon" : "orthodox",
      "texticon" : "\u0016orthodox_icon!",
      "graphical_faith" : "",
      "piety_icon_group" : "",
      "doctrine_background_icon" : "",
      "fervor" : 1.52587890625,
      "religious_head" : 1,
      "doctrine" : "special_doctrine_ecumenical_christian",
      "religion" : 4,
      "holy_sites" : [ 0, 6, 1, 7, 8 ]
    },
    "11" : {
      "template" : "coptic",
      "tag" : "coptic",
      "color" : "579",
      "icon" : "coptic",
      "texticon" : "\u0016coptic_icon!",
      "graphical_faith" : "",
      "piety_icon_group" : "",
      "doctrine_background_icon" : "",
      "fervor" : 1.52587890625,
      "religious_head" : 4,
      "doctrine" : "special_doctrine_ecumenical_christian",
      "religion" : 4,
      "holy_sites" : [ 7, 0, 8, 9, 10 ]
    },
    "12" : {
      "template" : "armenian_apostolic",
      "tag" : "armenian_apostolic",
      "color" : "579",
      "icon" : "christianity_Armenian",
      "texticon" : "\u0016christianity_Armenian_icon!",
      "graphical_faith" : "",
      "piety_icon_group" : "",
      "doctrine_background_icon" : "",
      "fervor" : 1.52587890625,
      "religious_head" : 5,
      "doctrine" : "special_doctrine_ecumenical_christian",
      "religion" : 4,
      "holy_sites" : [ 0, 8, 11, 12, 13 ]
    },
    "13" : {
      "template" : "conversos",
      "tag" : "conversos",
      "color" : "579",
      "icon" : "conversos",
      "texticon" : "\u0016conversos_icon!",
      "graphical_faith" : "",
      "piety_icon_group" : "",
      "doctrine_background_icon" : "",
      "fervor" : 1.52587890625,
      "religious_head" : 4294967295,
      "doctrine" : "special_doctrine_ecumenical_christian",
      "religion" : 4,
      "holy_sites" : [ 1, 24, 0, 7, 25 ]
    },
    "14" : {
      "template" : "cathar",
      "tag" : "cathar",
      "color" : "579",
      "icon" : "christianity_cathar",
      "texticon" : "\u0016christianity_cathar_icon!",
      "graphical_faith" : "catholic_gfx",
      "piety_icon_group" : "",
      "doctrine_background_icon" : "",
      "fervor" : 1.52587890625,
      "religious_head" : 4294967295,
      "doctrine" : "special_doctrine_is_christian_faith",
      "religion" : 4,
      "holy_sites" : [ 0, 1, 2, 3, 4 ]
    },
    "15" : {
      "template" : "waldensian",
      "tag" : "waldensian",
      "color" : "579",
      "icon" : "christianity_waldensian",
      "texticon" : "\u0016christianity_waldensian_icon!",
      "graphical_faith" : "catholic_gfx",
      "piety_icon_group" : "",
      "doctrine_background_icon" : "",
      "fervor" : 1.52587890625,
      "religious_head" : 4294967295,
      "doctrine" : "special_doctrine_is_christian_faith",
      "religion" : 4,
      "holy_sites" : [ 0, 1, 2, 3, 4 ]
    },
    "16" : {
      "template" : "lollard",
      "tag" : "lollard",
      "color" : "579",
      "icon" : "christianity_lollard",
      "texticon" : "\u0016christianity_lollard_icon!",
      "graphical_faith" : "catholic_gfx",
      "piety_icon_group" : "",
      "doctrine_background_icon" : "",
      "fervor" : 1.52587890625,
      "religious_head" : 4294967295,
      "doctrine" : "special_doctrine_is_christian_faith",
      "religion" : 4,
      "holy_sites" : [ 0, 1, 2, 3, 4 ]
    },
    "17" : {
      "template" : "iconoclast",
      "tag" : "iconoclast",
      "color" : "579",
      "icon" : "christianity_Iconoclasm",
      "texticon" : "\u0016christianity_Iconoclasm_icon!",
      "graphical_faith" : "",
      "piety_icon_group" : "",
      "doctrine_background_icon" : "",
      "fervor" : 1.52587890625,
      "religious_head" : 2,
      "doctrine" : "special_doctrine_is_christian_faith",
      "religion" : 4,
      "holy_sites" : [ 0, 6, 1, 7, 8 ]
    },
    "18" : {
      "template" : "bogomilist",
      "tag" : "bogomilist",
      "color" : "579",
      "icon" : "christianity_bogomilist",
      "texticon" : "\u0016christianity_bogomilist_icon!",
      "graphical_faith" : "",
      "piety_icon_group" : "",
      "doctrine_background_icon" : "",
      "fervor" : 1.52587890625,
      "religious_head" : 4294967295,
      "doctrine" : "special_doctrine_is_christian_faith",
      "religion" : 4,
      "holy_sites" : [ 0, 6, 1, 7, 8 ]
    },
    "19" : {
      "template" : "paulician",
      "tag" : "paulician",
      "color" : "579",
      "icon" : "christianity_paulicanism",
      "texticon" : "\u0016christianity_paulicanism_icon!",
      "graphical_faith" : "",
      "piety_icon_group" : "",
      "doctrine_background_icon" : "",
      "fervor" : 1.52587890625,
      "religious_head" : 4294967295,
      "doctrine" : "special_doctrine_is_christian_faith",
      "religion" : 4,
      "holy_sites" : [ 0, 6, 1, 7, 8 ]
    },
    "20" : {
      "template" : "nestorian",
      "tag" : "nestorian",
      "color" : "579",
      "icon" : "nestorian",
      "texticon" : "\u0016nestorian_icon!",
      "graphical_faith" : "",
      "piety_icon_group" : "",
      "doctrine_background_icon" : "",
      "fervor" : 1.52587890625,
      "religious_head" : 3,
      "doctrine" : "special_doctrine_is_christian_faith",
      "religion" : 4,
      "holy_sites" : [ 0, 14, 15, 8, 16 ]
    },
    "21" : {
      "template" : "messalian",
      "tag" : "messalian",
      "color" : "579",
      "icon" : "christianity_messalian",
      "texticon" : "\u0016christianity_messalian_icon!",
      "graphical_faith" : "",
      "piety_icon_group" : "",
      "doctrine_background_icon" : "",
      "fervor" : 1.52587890625,
      "religious_head" : 4294967295,
      "doctrine" : "special_doctrine_is_christian_faith",
      "religion" : 4,
      "holy_sites" : [ 0, 6, 14, 15, 8 ]
    },
    "22" : {
      "template" : "adamites",
      "tag" : "adamites",
      "color" : "579",
      "icon" : "adamites",
      "texticon" : "\u0016adamites_icon!",
      "graphical_faith" : "catholic_gfx",
      "piety_icon_group" : "",
      "doctrine_background_icon" : "",
      "fervor" : 1.52587890625,
      "religious_head" : 4294967295,
      "doctrine" : "special_doctrine_is_christian_faith",
      "religion" : 4,
      "holy_sites" : [ 1, 0, 27, 7, 122 ]
    },
    "23" : {
      "template" : "insular_celtic",
      "tag" : "insular_celtic",
      "color" : "579",
      "icon" : "insular_celtic",
      "texticon" : "\u0016insular_celtic_icon!",
      "graphical_faith" : "catholic_gfx",
      "piety_icon_group" : "",
      "doctrine_background_icon" : "",
      "fervor" : 1.52587890625,
      "religious_head" : 4294967295,
      "doctrine" : "special_doctrine_ecumenical_christian",
      "religion" : 4,
      "holy_sites" : [ 0, 1, 4, 17, 18 ]
    },
    "24" : {
      "template" : "bosnian_church",
      "tag" : "bosnian_church",
      "color" : "579",
      "icon" : "bosnian_church",
      "texticon" : "\u0016bosnian_church_icon!",
      "graphical_faith" : "catholic_gfx",
      "piety_icon_group" : "",
      "doctrine_background_icon" : "",
      "fervor" : 1.52587890625,
      "religious_head" : 4294967295,
      "doctrine" : "special_doctrine_ecumenical_christian",
      "religion" : 4,
      "holy_sites" : [ 0, 1, 19, 20, 21 ]
    },
    "25" : {
      "template" : "donyipoloism",
      "tag" : "donyipoloism",
      "color" : "579",
      "icon" : "donyipoloism",
      "texticon" : "\u0016donyipoloism_icon!",
      "graphical_faith" : "",
      "piety_icon_group" : "",
      "doctrine_background_icon" : "",
      "fervor" : 1.52587890625,
      "religious_head" : 4294967295,
      "doctrine" : "unreformed_faith_doctrine",
      "religion" : 5,
      "holy_sites" : [ 73, 74, 75, 76, 78 ]
    },
    "26" : {
      "template" : "sedism",
      "tag" : "sedism",
      "color" : "579",
      "icon" : "sedism",
      "texticon" : "\u0016sedism_icon!",
      "graphical_faith" : "",
      "piety_icon_group" : "",
      "doctrine_background_icon" : "",
      "fervor" : 1.52587890625,
      "religious_head" : 4294967295,
      "doctrine" : "unreformed_faith_doctrine",
      "religion" : 5,
      "holy_sites" : [ 73, 74, 75, 76, 78 ]
    },
    "27" : {
      "template" : "manichean",
      "tag" : "manichean",
      "color" : "579",
      "icon" : "manichean",
      "texticon" : "\u0016manichean_icon!",
      "graphical_faith" : "",
      "piety_icon_group" : "",
      "doctrine_background_icon" : "",
      "fervor" : 1.52587890625,
      "religious_head" : 4294967295,
      "doctrine" : "abrahamic_hostility_doctrine",
      "religion" : 6,
      "holy_sites" : [ 46, 14, 0, 47, 48 ]
    },
    "28" : {
      "template" : "mandeaism",
      "tag" : "mandeaism",
      "color" : "579",
      "icon" : "dualism",
      "texticon" : "\u0016dualism_icon!",
      "graphical_faith" : "",
      "piety_icon_group" : "",
      "doctrine_background_icon" : "",
      "fervor" : 1.52587890625,
      "religious_head" : 4294967295,
      "doctrine" : "abrahamic_hostility_doctrine",
      "religion" : 6,
      "holy_sites" : [ 14, 15, 32, 29, 0 ]
    },
    "29" : {
      "template" : "sabianism",
      "tag" : "sabianism",
      "color" : "579",
      "icon" : "sabianism",
      "texticon" : "\u0016sabianism_icon!",
      "graphical_faith" : "",
      "piety_icon_group" : "",
      "doctrine_background_icon" : "",
      "fervor" : 1.52587890625,
      "religious_head" : 4294967295,
      "doctrine" : "abrahamic_hostility_doctrine",
      "religion" : 6,
      "holy_sites" : [ 14, 15, 32, 29, 0 ]
    },
    "30" : {
      "template" : "valentinianism",
      "tag" : "valentinianism",
      "color" : "579",
      "icon" : "valentinianism",
      "texticon" : "\u0016valentinianism_icon!",
      "graphical_faith" : "",
      "piety_icon_group" : "",
      "doctrine_background_icon" : "",
      "fervor" : 1.52587890625,
      "religious_head" : 4294967295,
      "doctrine" : "abrahamic_hostility_doctrine",
      "religion" : 6,
      "holy_sites" : [ 0, 1, 7, 34, 25 ]
    },
    "31" : {
      "template" : "sethianism",
      "tag" : "sethianism",
      "color" : "579",
      "icon" : "sethianism",
      "texticon" : "\u0016sethianism_icon!",
      "graphical_faith" : "",
      "piety_icon_group" : "",
      "doctrine_background_icon" : "",
      "fervor" : 1.52587890625,
      "religious_head" : 4294967295,
      "doctrine" : "abrahamic_hostility_doctrine",
      "religion" : 6,
      "holy_sites" : [ 0, 1, 7, 34, 25 ]
    },
    "32" : {
      "template" : "priscillianism",
      "tag" : "priscillianism",
      "color" : "579",
      "icon" : "priscillianism",
      "texticon" : "\u0016priscillianism_icon!",
      "graphical_faith" : "",
      "piety_icon_group" : "",
      "doctrine_background_icon" : "",
      "fervor" : 1.52587890625,
      "religious_head" : 4294967295,
      "doctrine" : "abrahamic_hostility_doctrine",
      "religion" : 6,
      "holy_sites" : [ 0, 49, 24, 50, 25 ]
    },
    "33" : {
      "template" : "cainitism",
      "tag" : "cainitism",
      "color" : "579",
      "icon" : "cainitism",
      "texticon" : "\u0016cainitism_icon!",
      "graphical_faith" : "",
      "piety_icon_group" : "",
      "doctrine_background_icon" : "",
      "fervor" : 1.52587890625,
      "religious_head" : 4294967295,
      "doctrine" : "abrahamic_hostility_doctrine",
      "religion" : 6,
      "holy_sites" : [ 93, 90, 91, 92, 89 ]
    },
    "34" : {
      "template" : "finnish_pagan",
      "tag" : "finnish_pagan",
      "color" : "579",
      "icon" : "finno_ugric",
      "texticon" : "\u0016finno_ugric_icon!",
      "graphical_faith" : "",
      "piety_icon_group" : "",
      "doctrine_background_icon" : "",
      "fervor" : 1.52587890625,
      "religious_head" : 4294967295,
      "doctrine" : "unreformed_faith_doctrine",
      "religion" : 7,
      "holy_sites" : [ 99, 100, 101, 102, 108 ]
    },
    "35" : {
      "template" : "norse_pagan",
      "tag" : "norse_pagan",
      "color" : "579",
      "icon" : "germanic",
      "texticon" : "\u0016germanic_icon!",
      "graphical_faith" : "",
      "piety_icon_group" : "",
      "doctrine_background_icon" : "",
      "fervor" : 1.52587890625,
      "religious_head" : 4294967295,
      "doctrine" : "unreformed_faith_doctrine",
      "religion" : 8,
      "holy_sites" : [ 94, 95, 96, 97, 98 ]
    },
    "36" : {
      "template" : "hellenic_pagan",
      "tag" : "hellenic_pagan",
      "color" : "579",
      "icon" : "hellenic",
      "texticon" : "\u0016hellenic_icon!",
      "graphical_faith" : "",
      "piety_icon_group" : "",
      "doctrine_background_icon" : "",
      "fervor" : 1.52587890625,
      "religious_head" : 4294967295,
      "doctrine" : "unreformed_faith_doctrine",
      "religion" : 9,
      "holy_sites" : [ 1, 120, 121, 7, 122 ]
    },
    "37" : {
      "template" : "vaishnavism",
      "tag" : "vaishnavism",
      "color" : "579",
      "icon" : "hinduism",
      "texticon" : "\u0016hinduism_icon!",
      "graphical_faith" : "",
      "piety_icon_group" : "",
      "doctrine_background_icon" : "",
      "fervor" : 1.52587890625,
      "religious_head" : 4294967295,
      "doctrine" : "eastern_hostility_doctrine",
      "religion" : 10,
      "holy_sites" : [ 61, 62, 63, 64, 65, 66, 67 ]
    },
    "38" : {
      "template" : "advaitism",
      "tag" : "advaitism",
      "color" : "579",
      "icon" : "advaitism",
      "texticon" : "\u0016advaitism_icon!",
      "graphical_faith" : "",
      "piety_icon_group" : "",
      "doctrine_background_icon" : "",
      "fervor" : 1.52587890625,
      "religious_head" : 4294967295,
      "doctrine" : "eastern_hostility_doctrine",
      "religion" : 10,
      "holy_sites" : [ 61, 62, 63, 64, 65, 66, 67 ]
    },
    "39" : {
      "template" : "shaivism",
      "tag" : "shaivism",
      "color" : "579",
      "icon" : "shaivism",
      "texticon" : "\u0016shaivism_icon!",
      "graphical_faith" : "",
      "piety_icon_group" : "",
      "doctrine_background_icon" : "",
      "fervor" : 1.52587890625,
      "religious_head" : 4294967295,
      "doctrine" : "eastern_hostility_doctrine",
      "religion" : 10,
      "holy_sites" : [ 61, 62, 63, 64, 65, 66, 67 ]
    },
    "40" : {
      "template" : "srikula_shaktism",
      "tag" : "srikula_shaktism",
      "color" : "579",
      "icon" : "srikula_shaktism",
      "texticon" : "\u0016srikula_shaktism_icon!",
      "graphical_faith" : "",
      "piety_icon_group" : "",
      "doctrine_background_icon" : "",
      "fervor" : 1.52587890625,
      "religious_head" : 4294967295,
      "doctrine" : "eastern_hostility_doctrine",
      "religion" : 10,
      "holy_sites" : [ 61, 62, 63, 64, 65, 66, 67 ]
    },
    "41" : {
      "template" : "kalikula_shaktism",
      "tag" : "kalikula_shaktism",
      "color" : "579",
      "icon" : "kalikula_shaktism",
      "texticon" : "\u0016kalikula_shaktism_icon!",
      "graphical_faith" : "",
      "piety_icon_group" : "",
      "doctrine_background_icon" : "",
      "fervor" : 1.52587890625,
      "religious_head" : 4294967295,
      "doctrine" : "eastern_hostility_doctrine",
      "religion" : 10,
      "holy_sites" : [ 61, 62, 63, 64, 65, 66, 67 ]
    },
    "42" : {
      "template" : "smartism",
      "tag" : "smartism",
      "color" : "579",
      "icon" : "smartism",
      "texticon" : "\u0016smartism_icon!",
      "graphical_faith" : "",
      "piety_icon_group" : "",
      "doctrine_background_icon" : "",
      "fervor" : 1.52587890625,
      "religious_head" : 4294967295,
      "doctrine" : "eastern_hostility_doctrine",
      "religion" : 10,
      "holy_sites" : [ 61, 62, 63, 64, 65, 66, 67 ]
    },
    "43" : {
      "template" : "krishnaism",
      "tag" : "krishnaism",
      "color" : "579",
      "icon" : "krishnaism",
      "texticon" : "\u0016krishnaism_icon!",
      "graphical_faith" : "",
      "piety_icon_group" : "",
      "doctrine_background_icon" : "",
      "fervor" : 1.52587890625,
      "religious_head" : 4294967295,
      "doctrine" : "eastern_hostility_doctrine",
      "religion" : 10,
      "holy_sites" : [ 61, 62, 63, 64, 65, 66, 67 ]
    },
    "44" : {
      "template" : "ashari",
      "tag" : "ashari",
      "color" : "579",
      "icon" : "sunni",
      "texticon" : "\u0016sunni_icon!",
      "graphical_faith" : "",
      "piety_icon_group" : "",
      "doctrine_background_icon" : "",
      "fervor" : 1.52587890625,
      "religious_head" : 8,
      "doctrine" : "special_doctrine_is_islamic_faith",
      "religion" : 11,
      "holy_sites" : [ 22, 23, 0, 14, 25 ]
    },
    "45" : {
      "template" : "muwalladi",
      "tag" : "muwalladi",
      "color" : "579",
      "icon" : "muwalladi",
      "texticon" : "\u0016muwalladi_icon!",
      "graphical_faith" : "",
      "piety_icon_group" : "",
      "doctrine_background_icon" : "",
      "fervor" : 1.52587890625,
      "religious_head" : 4294967295,
      "doctrine" : "special_doctrine_is_islamic_faith",
      "religion" : 11,
      "holy_sites" : [ 22, 23, 0, 24, 27 ]
    },
    "46" : {
      "template" : "maturidi",
      "tag" : "maturidi",
      "color" : "579",
      "icon" : "maturidi",
      "texticon" : "\u0016maturidi_icon!",
      "graphical_faith" : "",
      "piety_icon_group" : "",
      "doctrine_background_icon" : "",
      "fervor" : 1.52587890625,
      "religious_head" : 4294967295,
      "doctrine" : "special_doctrine_is_islamic_faith",
      "religion" : 11,
      "holy_sites" : [ 22, 23, 0, 14, 6 ]
    },
    "47" : {
      "template" : "masmudi",
      "tag" : "masmudi",
      "color" : "579",
      "icon" : "masmudi",
      "texticon" : "\u0016masmudi_icon!",
      "graphical_faith" : "",
      "piety_icon_group" : "",
      "doctrine_background_icon" : "",
      "fervor" : 1.52587890625,
      "religious_head" : 10,
      "doctrine" : "special_doctrine_is_islamic_faith",
      "religion" : 11,
      "holy_sites" : [ 22, 23, 0, 26, 27 ]
    },
    "48" : {
      "template" : "mutazila",
      "tag" : "mutazila",
      "color" : "579",
      "icon" : "mutazila",
      "texticon" : "\u0016mutazila_icon!",
      "graphical_faith" : "",
      "piety_icon_group" : "",
      "doctrine_background_icon" : "",
      "fervor" : 1.52587890625,
      "religious_head" : 4294967295,
      "doctrine" : "special_doctrine_is_islamic_faith",
      "religion" : 11,
      "holy_sites" : [ 22, 23, 0, 14, 25 ]
    },
    "49" : {
      "template" : "quranist",
      "tag" : "quranist",
      "color" : "579",
      "icon" : "quranist",
      "texticon" : "\u0016quranist_icon!",
      "graphical_faith" : "",
      "piety_icon_group" : "",
      "doctrine_background_icon" : "",
      "fervor" : 1.52587890625,
      "religious_head" : 4294967295,
      "doctrine" : "special_doctrine_is_islamic_faith",
      "religion" : 11,
      "holy_sites" : [ 22, 23, 0, 14, 25 ]
    },
    "50" : {
      "template" : "ismaili",
      "tag" : "ismaili",
      "color" : "579",
      "icon" : "shia",
      "texticon" : "\u0016shia_icon!",
      "graphical_faith" : "",
      "piety_icon_group" : "",
      "doctrine_background_icon" : "",
      "fervor" : 1.52587890625,
      "religious_head" : 9,
      "doctrine" : "special_doctrine_is_islamic_faith",
      "religion" : 11,
      "holy_sites" : [ 22, 23, 0, 28, 29 ]
    },
    "51" : {
      "template" : "qarmatian",
      "tag" : "qarmatian",
      "color" : "579",
      "icon" : "qarmatian",
      "texticon" : "\u0016qarmatian_icon!",
      "graphical_faith" : "",
      "piety_icon_group" : "",
      "doctrine_background_icon" : "",
      "fervor" : 1.52587890625,
      "religious_head" : 4294967295,
      "doctrine" : "special_doctrine_is_islamic_faith",
      "religion" : 11,
      "holy_sites" : [ 22, 23, 0, 28, 29 ]
    },
    "52" : {
      "template" : "nizari",
      "tag" : "nizari",
      "color" : "579",
      "icon" : "nizari",
      "texticon" : "\u0016nizari_icon!",
      "graphical_faith" : "",
      "piety_icon_group" : "",
      "doctrine_background_icon" : "",
      "fervor" : 1.52587890625,
      "religious_head" : 4294967295,
      "doctrine" : "special_doctrine_is_islamic_faith",
      "religion" : 11,
      "holy_sites" : [ 22, 23, 0, 28, 29 ]
    },
    "53" : {
      "template" : "zayidi",
      "tag" : "zayidi",
      "color" : "579",
      "icon" : "zayidi",
      "texticon" : "\u0016zayidi_icon!",
      "graphical_faith" : "",
      "piety_icon_group" : "",
      "doctrine_background_icon" : "",
      "fervor" : 1.52587890625,
      "religious_head" : 4294967295,
      "doctrine" : "special_doctrine_is_islamic_faith",
      "religion" : 11,
      "holy_sites" : [ 22, 23, 0, 28, 29 ]
    },
    "54" : {
      "template" : "imami",
      "tag" : "imami",
      "color" : "579",
      "icon" : "imami",
      "texticon" : "\u0016imami_icon!",
      "graphical_faith" : "",
      "piety_icon_group" : "",
      "doctrine_background_icon" : "",
      "fervor" : 1.52587890625,
      "religious_head" : 4294967295,
      "doctrine" : "special_doctrine_is_islamic_faith",
      "religion" : 11,
      "holy_sites" : [ 22, 23, 0, 28, 14 ]
    },
    "55" : {
      "template" : "ghulat",
      "tag" : "ghulat",
      "color" : "579",
      "icon" : "ghulat",
      "texticon" : "\u0016ghulat_icon!",
      "graphical_faith" : "",
      "piety_icon_group" : "",
      "doctrine_background_icon" : "",
      "fervor" : 1.52587890625,
      "religious_head" : 4294967295,
      "doctrine" : "special_doctrine_is_islamic_faith",
      "religion" : 11,
      "holy_sites" : [ 22, 23, 0, 28, 29 ]
    },
    "56" : {
      "template" : "alawite",
      "tag" : "alawite",
      "color" : "579",
      "icon" : "alawite",
      "texticon" : "\u0016alawite_icon!",
      "graphical_faith" : "",
      "piety_icon_group" : "",
      "doctrine_background_icon" : "",
      "fervor" : 1.52587890625,
      "religious_head" : 4294967295,
      "doctrine" : "special_doctrine_is_islamic_faith",
      "religion" : 11,
      "holy_sites" : [ 22, 23, 0, 28, 29 ]
    },
    "57" : {
      "template" : "alevi",
      "tag" : "alevi",
      "color" : "579",
      "icon" : "alevi",
      "texticon" : "\u0016alevi_icon!",
      "graphical_faith" : "",
      "piety_icon_group" : "",
      "doctrine_background_icon" : "",
      "fervor" : 1.52587890625,
      "religious_head" : 4294967295,
      "doctrine" : "special_doctrine_is_islamic_faith",
      "religion" : 11,
      "holy_sites" : [ 22, 23, 0, 28, 29 ]
    },
    "58" : {
      "template" : "druze",
      "tag" : "druze",
      "color" : "579",
      "icon" : "islam_druze",
      "texticon" : "\u0016islam_druze_icon!",
      "graphical_faith" : "",
      "piety_icon_group" : "",
      "doctrine_background_icon" : "",
      "fervor" : 1.52587890625,
      "religious_head" : 4294967295,
      "doctrine" : "special_doctrine_is_islamic_faith",
      "religion" : 11,
      "holy_sites" : [ 22, 23, 0, 13, 42 ]
    },
    "59" : {
      "template" : "ibadi",
      "tag" : "ibadi",
      "color" : "579",
      "icon" : "ibadi",
      "texticon" : "\u0016ibadi_icon!",
      "graphical_faith" : "",
      "piety_icon_group" : "",
      "doctrine_background_icon" : "",
      "fervor" : 1.52587890625,
      "religious_head" : 4294967295,
      "doctrine" : "special_doctrine_is_islamic_faith",
      "religion" : 11,
      "holy_sites" : [ 22, 23, 0, 32, 33 ]
    },
    "60" : {
      "template" : "azariqa",
      "tag" : "azariqa",
      "color" : "579",
      "icon" : "azariqa",
      "texticon" : "\u0016azariqa_icon!",
      "graphical_faith" : "",
      "piety_icon_group" : "",
      "doctrine_background_icon" : "",
      "fervor" : 1.52587890625,
      "religious_head" : 4294967295,
      "doctrine" : "special_doctrine_is_islamic_faith",
      "religion" : 11,
      "holy_sites" : [ 22, 23, 0, 30, 31 ]
    },
    "61" : {
      "template" : "najdat",
      "tag" : "najdat",
      "color" : "579",
      "icon" : "nadjat",
      "texticon" : "\u0016nadjat_icon!",
      "graphical_faith" : "",
      "piety_icon_group" : "",
      "doctrine_background_icon" : "",
      "fervor" : 1.52587890625,
      "religious_head" : 4294967295,
      "doctrine" : "special_doctrine_is_islamic_faith",
      "religion" : 11,
      "holy_sites" : [ 22, 23, 0, 35, 36 ]
    },
    "62" : {
      "template" : "sufri",
      "tag" : "sufri",
      "color" : "579",
      "icon" : "muhakkima_3",
      "texticon" : "\u0016muhakkima_3_icon!",
      "graphical_faith" : "",
      "piety_icon_group" : "",
      "doctrine_background_icon" : "",
      "fervor" : 1.52587890625,
      "religious_head" : 4294967295,
      "doctrine" : "special_doctrine_is_islamic_faith",
      "religion" : 11,
      "holy_sites" : [ 22, 23, 0, 34, 30 ]
    },
    "63" : {
      "template" : "digambara",
      "tag" : "digambara",
      "color" : "579",
      "icon" : "jainism",
      "texticon" : "\u0016jainism_icon!",
      "graphical_faith" : "",
      "piety_icon_group" : "",
      "doctrine_background_icon" : "",
      "fervor" : 1.52587890625,
      "religious_head" : 4294967295,
      "doctrine" : "special_doctrine_naked_priests",
      "religion" : 12,
      "holy_sites" : [ 68, 69, 70, 71, 72 ]
    },
    "64" : {
      "template" : "svetambara",
      "tag" : "svetambara",
      "color" : "579",
      "icon" : "svetambara",
      "texticon" : "\u0016svetambara_icon!",
      "graphical_faith" : "",
      "piety_icon_group" : "",
      "doctrine_background_icon" : "",
      "fervor" : 1.52587890625,
      "religious_head" : 4294967295,
      "doctrine" : "eastern_hostility_doctrine",
      "religion" : 12,
      "holy_sites" : [ 68, 69, 70, 71, 72 ]
    },
    "65" : {
      "template" : "yapaniya",
      "tag" : "yapaniya",
      "color" : "579",
      "icon" : "yapaniya",
      "texticon" : "\u0016yapaniya_icon!",
      "graphical_faith" : "",
      "piety_icon_group" : "",
      "doctrine_background_icon" : "",
      "fervor" : 1.52587890625,
      "religious_head" : 4294967295,
      "doctrine" : "eastern_hostility_doctrine",
      "religion" : 12,
      "holy_sites" : [ 68, 69, 70, 71, 72 ]
    },
    "66" : {
      "template" : "rabbinism",
      "tag" : "rabbinism",
      "color" : "579",
      "icon" : "rabbinism",
      "texticon" : "\u0016rabbinism_icon!",
      "graphical_faith" : "",
      "piety_icon_group" : "",
      "doctrine_background_icon" : "",
      "fervor" : 1.52587890625,
      "religious_head" : 24,
      "doctrine" : "special_doctrine_is_jewish_faith",
      "religion" : 13,
      "holy_sites" : [ 0, 44, 25, 7, 43 ]
    },
    "67" : {
      "template" : "karaism",
      "tag" : "karaism",
      "color" : "579",
      "icon" : "karaism",
      "texticon" : "\u0016karaism_icon!",
      "graphical_faith" : "",
      "piety_icon_group" : "",
      "doctrine_background_icon" : "",
      "fervor" : 1.52587890625,
      "religious_head" : 25,
      "doctrine" : "special_doctrine_is_jewish_faith",
      "religion" : 13,
      "holy_sites" : [ 0, 44, 25, 7, 43 ]
    },
    "68" : {
      "template" : "haymanot",
      "tag" : "haymanot",
      "color" : "579",
      "icon" : "judaism",
      "texticon" : "\u0016judaism_icon!",
      "graphical_faith" : "",
      "piety_icon_group" : "",
      "doctrine_background_icon" : "",
      "fervor" : 1.52587890625,
      "religious_head" : 26,
      "doctrine" : "special_doctrine_is_jewish_faith",
      "religion" : 13,
      "holy_sites" : [ 0, 44, 25, 7, 43 ]
    },
    "69" : {
      "template" : "malabarism",
      "tag" : "malabarism",
      "color" : "579",
      "icon" : "malabarism",
      "texticon" : "\u0016malabarism_icon!",
      "graphical_faith" : "",
      "piety_icon_group" : "",
      "doctrine_background_icon" : "",
      "fervor" : 1.52587890625,
      "religious_head" : 27,
      "doctrine" : "special_doctrine_is_jewish_faith",
      "religion" : 13,
      "holy_sites" : [ 0, 44, 25, 7, 43 ]
    },
    "70" : {
      "template" : "samaritan",
      "tag" : "samaritan",
      "color" : "579",
      "icon" : "samaritan",
      "texticon" : "\u0016samaritan_icon!",
      "graphical_faith" : "",
      "piety_icon_group" : "",
      "doctrine_background_icon" : "",
      "fervor" : 1.52587890625,
      "religious_head" : 28,
      "doctrine" : "special_doctrine_is_jewish_faith",
      "religion" : 13,
      "holy_sites" : [ 45, 44, 25, 7, 43 ]
    },
    "71" : {
      "template" : "kabarism",
      "tag" : "kabarism",
      "color" : "579",
      "icon" : "kabarism",
      "texticon" : "\u0016kabarism_icon!",
      "graphical_faith" : "",
      "piety_icon_group" : "",
      "doctrine_background_icon" : "",
      "fervor" : 1.52587890625,
      "religious_head" : 29,
      "doctrine" : "special_doctrine_is_jewish_faith",
      "religion" : 13,
      "holy_sites" : [ 0, 44, 25, 7, 43 ]
    },
    "72" : {
      "template" : "kushitism_pagan",
      "tag" : "kushitism_pagan",
      "color" : "579",
      "icon" : "kushism",
      "texticon" : "\u0016kushism_icon!",
      "graphical_faith" : "",
      "piety_icon_group" : "",
      "doctrine_background_icon" : "",
      "fervor" : 1.52587890625,
      "religious_head" : 4294967295,
      "doctrine" : "unreformed_faith_doctrine",
      "religion" : 14,
      "holy_sites" : [ 152, 153, 154, 155, 142 ]
    },
    "73" : {
      "template" : "magyar_pagan",
      "tag" : "magyar_pagan",
      "color" : "579",
      "icon" : "pagan_magyar",
      "texticon" : "\u0016pagan_magyar_icon!",
      "graphical_faith" : "",
      "piety_icon_group" : "",
      "doctrine_background_icon" : "",
      "fervor" : 1.52587890625,
      "religious_head" : 4294967295,
      "doctrine" : "unreformed_faith_doctrine",
      "religion" : 15,
      "holy_sites" : [ 111, 112, 113, 114, 115 ]
    },
    "74" : {
      "template" : "kiratism",
      "tag" : "kiratism",
      "color" : "579",
      "icon" : "kiratism",
      "texticon" : "\u0016kiratism_icon!",
      "graphical_faith" : "",
      "piety_icon_group" : "",
      "doctrine_background_icon" : "",
      "fervor" : 1.52587890625,
      "religious_head" : 4294967295,
      "doctrine" : "unreformed_faith_doctrine",
      "religion" : 16,
      "holy_sites" : [ 77, 78, 79, 80, 61 ]
    },
    "75" : {
      "template" : "yumaism",
      "tag" : "yumaism",
      "color" : "579",
      "icon" : "yumaism",
      "texticon" : "\u0016yumaism_icon!",
      "graphical_faith" : "",
      "piety_icon_group" : "",
      "doctrine_background_icon" : "",
      "fervor" : 1.52587890625,
      "religious_head" : 4294967295,
      "doctrine" : "unreformed_faith_doctrine",
      "religion" : 16,
      "holy_sites" : [ 77, 78, 79, 80, 61 ]
    },
    "76" : {
      "template" : "pagan",
      "tag" : "pagan",
      "color" : "579",
      "icon" : "pagan",
      "texticon" : "\u0016pagan_icon!",
      "graphical_faith" : "",
      "piety_icon_group" : "",
      "doctrine_background_icon" : "",
      "fervor" : 1.52587890625,
      "religious_head" : 4294967295,
      "doctrine" : "unreformed_faith_doctrine",
      "religion" : 17,
      "holy_sites" : [ 96, 100, 126, 25, 64 ]
    },
    "77" : {
      "template" : "rrmeaism",
      "tag" : "rrmeaism",
      "color" : "579",
      "icon" : "rrmeaism",
      "texticon" : "\u0016rrmeaism_icon!",
      "graphical_faith" : "",
      "piety_icon_group" : "",
      "doctrine_background_icon" : "",
      "fervor" : 1.52587890625,
      "religious_head" : 4294967295,
      "doctrine" : "unreformed_faith_doctrine",
      "religion" : 18,
      "holy_sites" : [ 81, 82, 83, 84, 85 ]
    },
    "78" : {
      "template" : "melieism",
      "tag" : "melieism",
      "color" : "579",
      "icon" : "melieism",
      "texticon" : "\u0016melieism_icon!",
      "graphical_faith" : "",
      "piety_icon_group" : "",
      "doctrine_background_icon" : "",
      "fervor" : 1.52587890625,
      "religious_head" : 4294967295,
      "doctrine" : "unreformed_faith_doctrine",
      "religion" : 18,
      "holy_sites" : [ 86, 87, 88, 82, 85 ]
    },
    "79" : {
      "template" : "siberian_pagan",
      "tag" : "siberian_pagan",
      "color" : "579",
      "icon" : "siberian",
      "texticon" : "\u0016siberian_icon!",
      "graphical_faith" : "",
      "piety_icon_group" : "",
      "doctrine_background_icon" : "",
      "fervor" : 1.52587890625,
      "religious_head" : 4294967295,
      "doctrine" : "unreformed_faith_doctrine",
      "religion" : 19,
      "holy_sites" : [ 102, 130, 131, 132, 133 ]
    },
    "80" : {
      "template" : "slavic_pagan",
      "tag" : "slavic_pagan",
      "color" : "579",
      "icon" : "slavic",
      "texticon" : "\u0016slavic_icon!",
      "graphical_faith" : "",
      "piety_icon_group" : "",
      "doctrine_background_icon" : "",
      "fervor" : 1.52587890625,
      "religious_head" : 4294967295,
      "doctrine" : "unreformed_faith_doctrine",
      "religion" : 20,
      "holy_sites" : [ 103, 104, 105, 106, 110 ]
    },
    "81" : {
      "template" : "zhengyi",
      "tag" : "zhengyi",
      "color" : "579",
      "icon" : "taoism",
      "texticon" : "\u0016taoism_icon!",
      "graphical_faith" : "",
      "piety_icon_group" : "",
      "doctrine_background_icon" : "",
      "fervor" : 1.52587890625,
      "religious_head" : 4294967295,
      "doctrine" : "eastern_hostility_doctrine",
      "religion" : 21,
      "holy_sites" : [ 126, 128, 48, 129, 51, 162 ]
    },
    "82" : {
      "template" : "shangqing",
      "tag" : "shangqing",
      "color" : "579",
      "icon" : "shangqing",
      "texticon" : "\u0016shangqing_icon!",
      "graphical_faith" : "",
      "piety_icon_group" : "",
      "doctrine_background_icon" : "",
      "fervor" : 1.52587890625,
      "religious_head" : 4294967295,
      "doctrine" : "eastern_hostility_doctrine",
      "religion" : 21,
      "holy_sites" : [ 128, 48, 129, 51, 162 ]
    },
    "83" : {
      "template" : "quanzhen",
      "tag" : "quanzhen",
      "color" : "579",
      "icon" : "quanzhen",
      "texticon" : "\u0016quanzhen_icon!",
      "graphical_faith" : "",
      "piety_icon_group" : "",
      "doctrine_background_icon" : "",
      "fervor" : 1.52587890625,
      "religious_head" : 4294967295,
      "doctrine" : "eastern_hostility_doctrine",
      "religion" : 21,
      "holy_sites" : [ 128, 48, 129, 51, 162 ]
    },
    "84" : {
      "template" : "tengri_pagan",
      "tag" : "tengri_pagan",
      "color" : "579",
      "icon" : "tengri",
      "texticon" : "\u0016tengri_icon!",
      "graphical_faith" : "",
      "piety_icon_group" : "",
      "doctrine_background_icon" : "",
      "fervor" : 1.52587890625,
      "religious_head" : 4294967295,
      "doctrine" : "unreformed_faith_doctrine",
      "religion" : 22,
      "holy_sites" : [ 116, 117, 112, 118, 119 ]
    },
    "85" : {
      "template" : "waaqism_pagan",
      "tag" : "waaqism_pagan",
      "color" : "579",
      "icon" : "waaqism",
      "texticon" : "\u0016waaqism_icon!",
      "graphical_faith" : "",
      "piety_icon_group" : "",
      "doctrine_background_icon" : "",
      "fervor" : 1.52587890625,
      "religious_head" : 4294967295,
      "doctrine" : "unreformed_faith_doctrine",
      "religion" : 23,
      "holy_sites" : [ 156, 157, 158, 159, 160 ]
    },
    "86" : {
      "template" : "west_african_pagan",
      "tag" : "west_african_pagan",
      "color" : "579",
      "icon" : "mande",
      "texticon" : "\u0016mande_icon!",
      "graphical_faith" : "",
      "piety_icon_group" : "",
      "doctrine_background_icon" : "",
      "fervor" : 1.52587890625,
      "religious_head" : 4294967295,
      "doctrine" : "unreformed_faith_doctrine",
      "religion" : 24,
      "holy_sites" : [ 134, 135, 136, 137, 144 ]
    },
    "87" : {
      "template" : "west_african_bidu_pagan",
      "tag" : "west_african_bidu_pagan",
      "color" : "579",
      "icon" : "west_african",
      "texticon" : "\u0016west_african_icon!",
      "graphical_faith" : "",
      "piety_icon_group" : "",
      "doctrine_background_icon" : "",
      "fervor" : 1.52587890625,
      "religious_head" : 4294967295,
      "doctrine" : "unreformed_faith_doctrine",
      "religion" : 24,
      "holy_sites" : [ 134, 135, 136, 137, 138 ]
    },
    "88" : {
      "template" : "west_african_bori_pagan",
      "tag" : "west_african_bori_pagan",
      "color" : "579",
      "icon" : "west_african_bori",
      "texticon" : "\u0016west_african_bori_icon!",
      "graphical_faith" : "",
      "piety_icon_group" : "",
      "doctrine_background_icon" : "",
      "fervor" : 1.52587890625,
      "religious_head" : 4294967295,
      "doctrine" : "unreformed_faith_doctrine",
      "religion" : 25,
      "holy_sites" : [ 139, 140, 141, 142, 143 ]
    },
    "89" : {
      "template" : "west_african_orisha_pagan",
      "tag" : "west_african_orisha_pagan",
      "color" : "579",
      "icon" : "yoruba",
      "texticon" : "\u0016yoruba_icon!",
      "graphical_faith" : "",
      "piety_icon_group" : "",
      "doctrine_background_icon" : "",
      "fervor" : 1.52587890625,
      "religious_head" : 4294967295,
      "doctrine" : "unreformed_faith_doctrine",
      "religion" : 26,
      "holy_sites" : [ 150, 141, 149, 148, 137 ]
    },
    "90" : {
      "template" : "west_african_roog_pagan",
      "tag" : "west_african_roog_pagan",
      "color" : "579",
      "icon" : "west_african_roog_sene",
      "texticon" : "\u0016west_african_roog_sene_icon!",
      "graphical_faith" : "",
      "piety_icon_group" : "",
      "doctrine_background_icon" : "",
      "fervor" : 1.52587890625,
      "religious_head" : 4294967295,
      "doctrine" : "unreformed_faith_doctrine",
      "religion" : 27,
      "holy_sites" : [ 144, 145, 146, 147, 138 ]
    },
    "91" : {
      "template" : "yazidi",
      "tag" : "yazidi",
      "color" : "579",
      "icon" : "yazidism",
      "texticon" : "\u0016yazidism_icon!",
      "graphical_faith" : "",
      "piety_icon_group" : "",
      "doctrine_background_icon" : "",
      "fervor" : 1.52587890625,
      "religious_head" : 4294967295,
      "doctrine" : "abrahamic_hostility_doctrine",
      "religion" : 28,
      "holy_sites" : [ 37, 38, 39, 40, 41 ]
    },
    "92" : {
      "template" : "meshefaresism",
      "tag" : "meshefaresism",
      "color" : "579",
      "icon" : "meshefaresism",
      "texticon" : "\u0016meshefaresism_icon!",
      "graphical_faith" : "",
      "piety_icon_group" : "",
      "doctrine_background_icon" : "",
      "fervor" : 1.52587890625,
      "religious_head" : 4294967295,
      "doctrine" : "abrahamic_hostility_doctrine",
      "religion" : 28,
      "holy_sites" : [ 37, 38, 39, 40, 41 ]
    },
    "93" : {
      "template" : "kitebacilweism",
      "tag" : "kitebacilweism",
      "color" : "579",
      "icon" : "kitebacilweism",
      "texticon" : "\u0016kitebacilweism_icon!",
      "graphical_faith" : "",
      "piety_icon_group" : "",
      "doctrine_background_icon" : "",
      "fervor" : 1.52587890625,
      "religious_head" : 4294967295,
      "doctrine" : "abrahamic_hostility_doctrine",
      "religion" : 28,
      "holy_sites" : [ 37, 38, 39, 40, 41 ]
    },
    "94" : {
      "template" : "mazdayasna",
      "tag" : "mazdayasna",
      "color" : "579",
      "icon" : "zoroastrian",
      "texticon" : "\u0016zoroastrian_icon!",
      "graphical_faith" : "",
      "piety_icon_group" : "",
      "doctrine_background_icon" : "",
      "fervor" : 1.52587890625,
      "religious_head" : 30,
      "doctrine" : "heresy_hostility_doctrine",
      "religion" : 29,
      "holy_sites" : [ 93, 90, 91, 92, 89 ]
    },
    "95" : {
      "template" : "zurvanism",
      "tag" : "zurvanism",
      "color" : "579",
      "icon" : "zurvanism",
      "texticon" : "\u0016zurvanism_icon!",
      "graphical_faith" : "",
      "piety_icon_group" : "",
      "doctrine_background_icon" : "",
      "fervor" : 1.52587890625,
      "religious_head" : 31,
      "doctrine" : "heresy_hostility_doctrine",
      "religion" : 29,
      "holy_sites" : [ 93, 90, 91, 92, 89 ]
    },
    "96" : {
      "template" : "gayomarthianism",
      "tag" : "gayomarthianism",
      "color" : "579",
      "icon" : "gayomarthianism",
      "texticon" : "\u0016gayomarthianism_icon!",
      "graphical_faith" : "",
      "piety_icon_group" : "",
      "doctrine_background_icon" : "",
      "fervor" : 1.52587890625,
      "religious_head" : 32,
      "doctrine" : "heresy_hostility_doctrine",
      "religion" : 29,
      "holy_sites" : [ 93, 90, 91, 92, 89 ]
    },
    "97" : {
      "template" : "khurmazta",
      "tag" : "khurmazta",
      "color" : "579",
      "icon" : "khurmazta",
      "texticon" : "\u0016khurmazta_icon!",
      "graphical_faith" : "",
      "piety_icon_group" : "",
      "doctrine_background_icon" : "",
      "fervor" : 1.52587890625,
      "religious_head" : 33,
      "doctrine" : "heresy_hostility_doctrine",
      "religion" : 29,
      "holy_sites" : [ 93, 90, 91, 92, 89 ]
    },
    "98" : {
      "template" : "mazdakism",
      "tag" : "mazdakism",
      "color" : "579",
      "icon" : "mazdakism",
      "texticon" : "\u0016mazdakism_icon!",
      "graphical_faith" : "",
      "piety_icon_group" : "",
      "doctrine_background_icon" : "",
      "fervor" : 1.52587890625,
      "religious_head" : 34,
      "doctrine" : "heresy_hostility_doctrine",
      "religion" : 29,
      "holy_sites" : [ 93, 90, 91, 92, 89 ]
    },
    "99" : {
      "template" : "khurramism",
      "tag" : "khurramism",
      "color" : "579",
      "icon" : "khurramism",
      "texticon" : "\u0016khurramism_icon!",
      "graphical_faith" : "",
      "piety_icon_group" : "",
      "doctrine_background_icon" : "",
      "fervor" : 1.52587890625,
      "religious_head" : 35,
      "doctrine" : "heresy_hostility_doctrine",
      "religion" : 29,
      "holy_sites" : [ 93, 90, 91, 92, 89 ]
    },
    "100" : {
      "template" : "urartuism",
      "tag" : "urartuism",
      "color" : "579",
      "icon" : "urartuism",
      "texticon" : "\u0016urartuism_icon!",
      "graphical_faith" : "",
      "piety_icon_group" : "",
      "doctrine_background_icon" : "",
      "fervor" : 1.52587890625,
      "religious_head" : 36,
      "doctrine" : "heresy_hostility_doctrine",
      "religion" : 29,
      "holy_sites" : [ 93, 90, 91, 92, 89 ]
    },
    "101" : {
      "template" : "zun_pagan",
      "tag" : "zun_pagan",
      "color" : "579",
      "icon" : "zunist",
      "texticon" : "\u0016zunist_icon!",
      "graphical_faith" : "",
      "piety_icon_group" : "",
      "doctrine_background_icon" : "",
      "fervor" : 1.52587890625,
      "religious_head" : 4294967295,
      "doctrine" : "unreformed_faith_doctrine",
      "religion" : 30,
      "holy_sites" : [ 123, 124, 125, 40, 50 ]
    }
  },
  "great_holy_wars" : [ ],
  "holy_sites" : {
    "0" : {
      "holy_site_template" : "jerusalem"
    },
    "1" : {
      "holy_site_template" : "rome"
    },
    "2" : {
      "holy_site_template" : "cologne"
    },
    "3" : {
      "holy_site_template" : "santiago"
    },
    "4" : {
      "holy_site_template" : "kent"
    },
    "5" : {
      "holy_site_template" : "segrada_familia",
      "is_active" : false
    },
    "6" : {
      "holy_site_template" : "constantinople"
    },
    "7" : {
      "holy_site_template" : "alexandria"
    },
    "8" : {
      "holy_site_template" : "antioch"
    },
    "9" : {
      "holy_site_template" : "aksum"
    },
    "10" : {
      "holy_site_template" : "napata"
    },
    "11" : {
      "holy_site_template" : "suenik"
    },
    "12" : {
      "holy_site_template" : "colonea"
    },
    "13" : {
      "holy_site_template" : "beirut"
    },
    "14" : {
      "holy_site_template" : "baghdad"
    },
    "15" : {
      "holy_site_template" : "farz"
    },
    "16" : {
      "holy_site_template" : "kerala"
    },
    "17" : {
      "holy_site_template" : "armagh"
    },
    "18" : {
      "holy_site_template" : "iona"
    },
    "19" : {
      "holy_site_template" : "visoki"
    },
    "20" : {
      "holy_site_template" : "ragusa"
    },
    "21" : {
      "holy_site_template" : "esztergom"
    },
    "22" : {
      "holy_site_template" : "mecca"
    },
    "23" : {
      "holy_site_template" : "medina"
    },
    "24" : {
      "holy_site_template" : "cordoba"
    },
    "25" : {
      "holy_site_template" : "sinai"
    },
    "26" : {
      "holy_site_template" : "tinmallal"
    },
    "27" : {
      "holy_site_template" : "fes"
    },
    "28" : {
      "holy_site_template" : "nadjaf"
    },
    "29" : {
      "holy_site_template" : "damascus"
    },
    "30" : {
      "holy_site_template" : "siffa"
    },
    "31" : {
      "holy_site_template" : "kufa"
    },
    "32" : {
      "holy_site_template" : "basra"
    },
    "33" : {
      "holy_site_template" : "nizwa"
    },
    "34" : {
      "holy_site_template" : "sijilmasa"
    },
    "35" : {
      "holy_site_template" : "bahrein"
    },
    "36" : {
      "holy_site_template" : "yamama"
    },
    "37" : {
      "holy_site_template" : "sinjar"
    },
    "38" : {
      "holy_site_template" : "baalbek"
    },
    "39" : {
      "holy_site_template" : "lalish"
    },
    "40" : {
      "holy_site_template" : "nishapur"
    },
    "41" : {
      "holy_site_template" : "dashtestan"
    },
    "42" : {
      "holy_site_template" : "zozan"
    },
    "43" : {
      "holy_site_template" : "semien"
    },
    "44" : {
      "holy_site_template" : "sufed"
    },
    "45" : {
      "holy_site_template" : "gerizim"
    },
    "46" : {
      "holy_site_template" : "ahvaz"
    },
    "47" : {
      "holy_site_template" : "samarkand"
    },
    "48" : {
      "holy_site_template" : "udabhanda"
    },
    "49" : {
      "holy_site_template" : "toledo"
    },
    "50" : {
      "holy_site_template" : "memphis"
    },
    "51" : {
      "holy_site_template" : "bodh_gaya"
    },
    "52" : {
      "holy_site_template" : "kusinagara"
    },
    "53" : {
      "holy_site_template" : "sarnath"
    },
    "54" : {
      "holy_site_template" : "sanchi"
    },
    "55" : {
      "holy_site_template" : "ajanta"
    },
    "56" : {
      "holy_site_template" : "sagya"
    },
    "57" : {
      "holy_site_template" : "dagon"
    },
    "58" : {
      "holy_site_template" : "pagan"
    },
    "59" : {
      "holy_site_template" : "atamasthana"
    },
    "60" : {
      "holy_site_template" : "amaravati"
    },
    "61" : {
      "holy_site_template" : "varanasi"
    },
    "62" : {
      "holy_site_template" : "ayodhya"
    },
    "63" : {
      "holy_site_template" : "mathura"
    },
    "64" : {
      "holy_site_template" : "haridwar"
    },
    "65" : {
      "holy_site_template" : "kanchipuram"
    },
    "66" : {
      "holy_site_template" : "ujjayini"
    },
    "67" : {
      "holy_site_template" : "dwarka"
    },
    "68" : {
      "holy_site_template" : "palitana"
    },
    "69" : {
      "holy_site_template" : "shikharj"
    },
    "70" : {
      "holy_site_template" : "ranakpur"
    },
    "71" : {
      "holy_site_template" : "ellora"
    },
    "72" : {
      "holy_site_template" : "sittannavasal"
    },
    "73" : {
      "holy_site_template" : "itanagar"
    },
    "74" : {
      "holy_site_template" : "pemako"
    },
    "75" : {
      "holy_site_template" : "rima"
    },
    "76" : {
      "holy_site_template" : "tezu"
    },
    "77" : {
      "holy_site_template" : "kathmandu"
    },
    "78" : {
      "holy_site_template" : "ilam"
    },
    "79" : {
      "holy_site_template" : "garwhal"
    },
    "80" : {
      "holy_site_template" : "jumla"
    },
    "81" : {
      "holy_site_template" : "maowun"
    },
    "82" : {
      "holy_site_template" : "ngawa"
    },
    "83" : {
      "holy_site_template" : "chakla"
    },
    "84" : {
      "holy_site_template" : "gyaitang"
    },
    "85" : {
      "holy_site_template" : "rebgong"
    },
    "86" : {
      "holy_site_template" : "xingqing"
    },
    "87" : {
      "holy_site_template" : "yijinai"
    },
    "88" : {
      "holy_site_template" : "alxa"
    },
    "89" : {
      "holy_site_template" : "yazd"
    },
    "90" : {
      "holy_site_template" : "nok_kundi"
    },
    "91" : {
      "holy_site_template" : "takht-i-sangin"
    },
    "92" : {
      "holy_site_template" : "takht-e_soleyman"
    },
    "93" : {
      "holy_site_template" : "ushi-darena"
    },
    "94" : {
      "holy_site_template" : "uppsala"
    },
    "95" : {
      "holy_site_template" : "lejre"
    },
    "96" : {
      "holy_site_template" : "paderborn"
    },
    "97" : {
      "holy_site_template" : "zeeland"
    },
    "98" : {
      "holy_site_template" : "ranaheim"
    },
    "99" : {
      "holy_site_template" : "raivola"
    },
    "100" : {
      "holy_site_template" : "hiiumaa"
    },
    "101" : {
      "holy_site_template" : "akkel"
    },
    "102" : {
      "holy_site_template" : "perm"
    },
    "103" : {
      "holy_site_template" : "kiev"
    },
    "104" : {
      "holy_site_template" : "novgorod"
    },
    "105" : {
      "holy_site_template" : "barlad"
    },
    "106" : {
      "holy_site_template" : "plock"
    },
    "107" : {
      "holy_site_template" : "pokaini"
    },
    "108" : {
      "holy_site_template" : "torun"
    },
    "109" : {
      "holy_site_template" : "braslau"
    },
    "110" : {
      "holy_site_template" : "rugen"
    },
    "111" : {
      "holy_site_template" : "pest"
    },
    "112" : {
      "holy_site_template" : "kerch"
    },
    "113" : {
      "holy_site_template" : "olvia"
    },
    "114" : {
      "holy_site_template" : "poszony"
    },
    "115" : {
      "holy_site_template" : "sarysyn"
    },
    "116" : {
      "holy_site_template" : "kara_khorum"
    },
    "117" : {
      "holy_site_template" : "qayaliq"
    },
    "118" : {
      "holy_site_template" : "tavan_bogd"
    },
    "119" : {
      "holy_site_template" : "preslav"
    },
    "120" : {
      "holy_site_template" : "athens"
    },
    "121" : {
      "holy_site_template" : "sparta"
    },
    "122" : {
      "holy_site_template" : "carthage"
    },
    "123" : {
      "holy_site_template" : "kabul"
    },
    "124" : {
      "holy_site_template" : "multan"
    },
    "125" : {
      "holy_site_template" : "bost"
    },
    "126" : {
      "holy_site_template" : "khotan"
    },
    "127" : {
      "holy_site_template" : "balkh"
    },
    "128" : {
      "holy_site_template" : "lhasa"
    },
    "129" : {
      "holy_site_template" : "purang"
    },
    "130" : {
      "holy_site_template" : "tyumen"
    },
    "131" : {
      "holy_site_template" : "surgut"
    },
    "132" : {
      "holy_site_template" : "ob"
    },
    "133" : {
      "holy_site_template" : "olkhon"
    },
    "134" : {
      "holy_site_template" : "awkar"
    },
    "135" : {
      "holy_site_template" : "jenne"
    },
    "136" : {
      "holy_site_template" : "niani"
    },
    "137" : {
      "holy_site_template" : "kukiya"
    },
    "138" : {
      "holy_site_template" : "wadan"
    },
    "139" : {
      "holy_site_template" : "daura"
    },
    "140" : {
      "holy_site_template" : "garumele"
    },
    "141" : {
      "holy_site_template" : "igbo"
    },
    "142" : {
      "holy_site_template" : "el_fasher"
    },
    "143" : {
      "holy_site_template" : "wandala"
    },
    "144" : {
      "holy_site_template" : "kisi"
    },
    "145" : {
      "holy_site_template" : "sherbro"
    },
    "146" : {
      "holy_site_template" : "kayor"
    },
    "147" : {
      "holy_site_template" : "kasa"
    },
    "148" : {
      "holy_site_template" : "bono"
    },
    "149" : {
      "holy_site_template" : "kumasi"
    },
    "150" : {
      "holy_site_template" : "ife"
    },
    "151" : {
      "holy_site_template" : "nikki"
    },
    "152" : {
      "holy_site_template" : "aswan"
    },
    "153" : {
      "holy_site_template" : "wadi_el_milk"
    },
    "154" : {
      "holy_site_template" : "naqis"
    },
    "155" : {
      "holy_site_template" : "sennar"
    },
    "156" : {
      "holy_site_template" : "danakil"
    },
    "157" : {
      "holy_site_template" : "kaffa"
    },
    "158" : {
      "holy_site_template" : "harar"
    },
    "159" : {
      "holy_site_template" : "makhir"
    },
    "160" : {
      "holy_site_template" : "mogadishu"
    },
    "161" : {
      "holy_site_template" : "gilgit"
    },
    "162" : {
      "holy_site_template" : "suzhou"
    }
  }
}