{
  "secrets" : {
    "0" : {
      "type" : "secret_lover",
      "target" : {
        "type" : "11942",
        "identity" : 15823
      },
      "owner" : 15547,
      "relation_type" : "lover",
      "participants" : [ 15547 ]
    },
    "1" : {
      "type" : "secret_lover",
      "target" : {
        "type" : "11942",
        "identity" : 15547
      },
      "owner" : 15823,
      "relation_type" : "lover",
      "participants" : [ 15823 ]
    },
    "2" : {
      "type" : "secret_lover",
      "target" : {
        "type" : "11942",
        "identity" : 17099
      },
      "owner" : 16845,
      "relation_type" : "lover",
      "participants" : [ 16845 ]
    },
    "3" : {
      "type" : "secret_lover",
      "target" : {
        "type" : "11942",
        "identity" : 16845
      },
      "owner" : 17099,
      "relation_type" : "lover",
      "participants" : [ 17099 ]
    },
    "4" : {
      "type" : "secret_lover",
      "target" : {
        "type" : "11942",
        "identity" : 17172
      },
      "owner" : 16389,
      "relation_type" : "lover",
      "participants" : [ 16389 ]
    },
    "5" : {
      "type" : "secret_incest",
      "target" : [ ],
      "owner" : 16389,
      "participants" : [ 16389 ]
    },
    "6" : {
      "type" : "secret_incest",
      "target" : [ ],
      "owner" : 17172,
      "participants" : [ 17172 ]
    },
    "7" : {
      "type" : "secret_lover",
      "target" : {
        "type" : "11942",
        "identity" : 16389
      },
      "owner" : 17172,
      "relation_type" : "lover",
      "participants" : [ 17172 ]
    },
    "8" : {
      "type" : "secret_deviant",
      "target" : [ ],
      "owner" : 17402,
      "participants" : [ 17402 ]
    },
    "9" : {
      "type" : "secret_cannibal",
      "target" : [ ],
      "owner" : 17075,
      "participants" : [ 17075 ]
    },
    "10" : {
      "type" : "secret_deviant",
      "target" : [ ],
      "owner" : 17484,
      "participants" : [ 17484 ]
    },
    "11" : {
      "type" : "secret_cannibal",
      "target" : [ ],
      "owner" : 17484,
      "participants" : [ 17484 ]
    },
    "12" : {
      "type" : "secret_witch",
      "target" : [ ],
      "owner" : 17484,
      "participants" : [ 17484 ]
    },
    "13" : {
      "type" : "secret_witch",
      "target" : [ ],
      "owner" : 16725,
      "participants" : [ 16725 ]
    },
    "14" : {
      "type" : "secret_non_believer",
      "target" : [ ],
      "owner" : 17888,
      "participants" : [ 17888 ]
    },
    "15" : {
      "type" : "secret_witch",
      "target" : [ ],
      "owner" : 16498,
      "participants" : [ 16498 ]
    },
    "16" : {
      "type" : "secret_non_believer",
      "target" : [ ],
      "owner" : 16367,
      "participants" : [ 16367 ]
    },
    "17" : {
      "type" : "secret_incest",
      "target" : [ ],
      "owner" : 16679,
      "participants" : [ 16679 ]
    },
    "18" : {
      "type" : "secret_witch",
      "target" : [ ],
      "owner" : 17593,
      "participants" : [ 17593 ]
    },
    "19" : {
      "type" : "secret_non_believer",
      "target" : [ ],
      "owner" : 17076,
      "participants" : [ 17076 ]
    },
    "20" : {
      "type" : "secret_non_believer",
      "target" : [ ],
      "owner" : 15838,
      "participants" : [ 15838 ]
    },
    "21" : {
      "type" : "secret_non_believer",
      "target" : [ ],
      "owner" : 17072,
      "participants" : [ 17072 ]
    },
    "22" : {
      "type" : "secret_witch",
      "target" : [ ],
      "owner" : 16501,
      "participants" : [ 16501 ]
    },
    "23" : {
      "type" : "secret_lover",
      "target" : {
        "type" : "11942",
        "identity" : 15159
      },
      "owner" : 15075,
      "relation_type" : "lover",
      "participants" : [ 15075 ]
    },
    "24" : {
      "type" : "secret_lover",
      "target" : {
        "type" : "11942",
        "identity" : 15075
      },
      "owner" : 15159,
      "relation_type" : "lover",
      "participants" : [ 15159 ]
    },
    "25" : {
      "type" : "secret_non_believer",
      "target" : [ ],
      "owner" : 16737,
      "participants" : [ 16737 ]
    },
    "26" : {
      "type" : "secret_witch",
      "target" : [ ],
      "owner" : 16502,
      "participants" : [ 16502 ]
    }
  },
  "known_secrets" : [ {
    "secret" : 0,
    "owner" : 15547
  }, {
    "secret" : 0,
    "owner" : 15823
  }, {
    "secret" : 1,
    "owner" : 15823
  }, {
    "secret" : 1,
    "owner" : 15547
  }, {
    "secret" : 2,
    "owner" : 16845
  }, {
    "secret" : 2,
    "owner" : 17099
  }, {
    "secret" : 3,
    "owner" : 17099
  }, {
    "secret" : 3,
    "owner" : 16845
  }, {
    "secret" : 4,
    "owner" : 16389
  }, {
    "secret" : 4,
    "owner" : 17172
  }, {
    "secret" : 5,
    "owner" : 16389
  }, {
    "secret" : 6,
    "owner" : 17172
  }, {
    "secret" : 7,
    "owner" : 17172
  }, {
    "secret" : 7,
    "owner" : 16389
  }, {
    "secret" : 8,
    "owner" : 17402
  }, {
    "secret" : 9,
    "owner" : 17075
  }, {
    "secret" : 10,
    "owner" : 17484
  }, {
    "secret" : 11,
    "owner" : 17484
  }, {
    "secret" : 12,
    "owner" : 17484
  }, {
    "secret" : 13,
    "owner" : 16725
  }, {
    "secret" : 14,
    "owner" : 17888
  }, {
    "secret" : 15,
    "owner" : 16498
  }, {
    "secret" : 16,
    "owner" : 16367
  }, {
    "secret" : 17,
    "owner" : 16679
  }, {
    "secret" : 18,
    "owner" : 17593
  }, {
    "secret" : 19,
    "owner" : 17076
  }, {
    "secret" : 20,
    "owner" : 15838
  }, {
    "secret" : 21,
    "owner" : 17072
  }, {
    "secret" : 22,
    "owner" : 16501
  }, {
    "secret" : 23,
    "owner" : 15075
  }, {
    "secret" : 23,
    "owner" : 15159
  }, {
    "secret" : 24,
    "owner" : 15159
  }, {
    "secret" : 24,
    "owner" : 15075
  }, {
    "secret" : 25,
    "owner" : 16737
  }, {
    "secret" : 26,
    "owner" : 16502
  } ]
}