{
  "sieges" : {
    "0" : {
      "province" : 4855,
      "morale" : 7.62939453125,
      "siege_phase_time" : 0,
      "action_history_head" : 0,
      "action_history" : [ "357", "357", "357", "357" ],
      "random" : 1861667783,
      "start_date" : {
        "day" : 15,
        "month" : 9,
        "year" : 1066,
        "days_since_beginning" : 2214347
      },
      "owner" : 9
    },
    "1" : {
      "province" : 4859,
      "morale" : 9.918212890625,
      "siege_phase_time" : 0,
      "action_history_head" : 0,
      "action_history" : [ "357", "357", "357", "357" ],
      "random" : 570454776,
      "start_date" : {
        "day" : 15,
        "month" : 9,
        "year" : 1066,
        "days_since_beginning" : 2214347
      },
      "owner" : 13
    },
    "2" : {
      "province" : 4861,
      "morale" : 12.20703125,
      "siege_phase_time" : 0,
      "action_history_head" : 0,
      "action_history" : [ "357", "357", "357", "357" ],
      "random" : 711873260,
      "start_date" : {
        "day" : 15,
        "month" : 9,
        "year" : 1066,
        "days_since_beginning" : 2214347
      },
      "owner" : 17
    }
  }
}