{
  "0" : {
    "type" : "10602",
    "location" : 2174,
    "owner" : 15920,
    "army" : 0,
    "arrival_date" : {
      "day" : 15,
      "month" : 9,
      "year" : 1066,
      "days_since_beginning" : 2214347
    },
    "banned_colors" : -1,
    "ai_unit_data" : [ ]
  },
  "1" : {
    "type" : "10602",
    "location" : 2174,
    "owner" : 15920,
    "army" : 1,
    "arrival_date" : {
      "day" : 15,
      "month" : 9,
      "year" : 1066,
      "days_since_beginning" : 2214347
    },
    "banned_colors" : -1,
    "ai_unit_data" : [ ]
  },
  "2" : {
    "type" : "10602",
    "location" : 2174,
    "owner" : 15920,
    "army" : 2,
    "arrival_date" : {
      "day" : 15,
      "month" : 9,
      "year" : 1066,
      "days_since_beginning" : 2214347
    },
    "banned_colors" : -1,
    "ai_unit_data" : [ ]
  },
  "3" : {
    "type" : "10602",
    "location" : 2174,
    "owner" : 15920,
    "army" : 3,
    "arrival_date" : {
      "day" : 15,
      "month" : 9,
      "year" : 1066,
      "days_since_beginning" : 2214347
    },
    "banned_colors" : -1,
    "ai_unit_data" : [ ]
  },
  "4" : {
    "type" : "10602",
    "location" : 2174,
    "owner" : 15920,
    "army" : 4,
    "arrival_date" : {
      "day" : 15,
      "month" : 9,
      "year" : 1066,
      "days_since_beginning" : 2214347
    },
    "banned_colors" : -1,
    "ai_unit_data" : [ ]
  },
  "5" : {
    "type" : "10602",
    "location" : 1527,
    "owner" : 15547,
    "army" : 5,
    "arrival_date" : {
      "day" : 15,
      "month" : 9,
      "year" : 1066,
      "days_since_beginning" : 2214347
    },
    "banned_colors" : -1,
    "ai_unit_data" : [ ]
  },
  "6" : {
    "type" : "10602",
    "location" : 1527,
    "owner" : 15547,
    "army" : 6,
    "arrival_date" : {
      "day" : 15,
      "month" : 9,
      "year" : 1066,
      "days_since_beginning" : 2214347
    },
    "banned_colors" : -1,
    "ai_unit_data" : [ ]
  },
  "7" : {
    "type" : "10602",
    "location" : 1596,
    "owner" : 15075,
    "army" : 7,
    "arrival_date" : {
      "day" : 15,
      "month" : 9,
      "year" : 1066,
      "days_since_beginning" : 2214347
    },
    "banned_colors" : -1,
    "ai_unit_data" : [ ]
  },
  "8" : {
    "type" : "10602",
    "location" : 1596,
    "owner" : 15075,
    "army" : 8,
    "arrival_date" : {
      "day" : 15,
      "month" : 9,
      "year" : 1066,
      "days_since_beginning" : 2214347
    },
    "banned_colors" : -1,
    "ai_unit_data" : [ ]
  },
  "9" : {
    "type" : "10602",
    "location" : 4855,
    "owner" : 16009,
    "army" : 9,
    "arrival_date" : {
      "day" : 15,
      "month" : 9,
      "year" : 1066,
      "days_since_beginning" : 2214347
    },
    "banned_colors" : -1,
    "ai_unit_data" : [ ]
  },
  "10" : {
    "type" : "10602",
    "location" : 4855,
    "owner" : 16009,
    "army" : 10,
    "arrival_date" : {
      "day" : 15,
      "month" : 9,
      "year" : 1066,
      "days_since_beginning" : 2214347
    },
    "banned_colors" : -1,
    "ai_unit_data" : [ ]
  },
  "11" : {
    "type" : "10602",
    "location" : 4855,
    "owner" : 16009,
    "army" : 11,
    "arrival_date" : {
      "day" : 15,
      "month" : 9,
      "year" : 1066,
      "days_since_beginning" : 2214347
    },
    "banned_colors" : -1,
    "ai_unit_data" : [ ]
  },
  "12" : {
    "type" : "10602",
    "location" : 4855,
    "owner" : 16009,
    "army" : 12,
    "arrival_date" : {
      "day" : 15,
      "month" : 9,
      "year" : 1066,
      "days_since_beginning" : 2214347
    },
    "banned_colors" : -1,
    "ai_unit_data" : [ ]
  },
  "13" : {
    "type" : "10602",
    "location" : 4859,
    "owner" : 16009,
    "army" : 13,
    "arrival_date" : {
      "day" : 15,
      "month" : 9,
      "year" : 1066,
      "days_since_beginning" : 2214347
    },
    "banned_colors" : -1,
    "ai_unit_data" : [ ]
  },
  "14" : {
    "type" : "10602",
    "location" : 4859,
    "owner" : 16009,
    "army" : 14,
    "arrival_date" : {
      "day" : 15,
      "month" : 9,
      "year" : 1066,
      "days_since_beginning" : 2214347
    },
    "banned_colors" : -1,
    "ai_unit_data" : [ ]
  },
  "15" : {
    "type" : "10602",
    "location" : 4859,
    "owner" : 16009,
    "army" : 15,
    "arrival_date" : {
      "day" : 15,
      "month" : 9,
      "year" : 1066,
      "days_since_beginning" : 2214347
    },
    "banned_colors" : -1,
    "ai_unit_data" : [ ]
  },
  "16" : {
    "type" : "10602",
    "location" : 4859,
    "owner" : 16009,
    "army" : 16,
    "arrival_date" : {
      "day" : 15,
      "month" : 9,
      "year" : 1066,
      "days_since_beginning" : 2214347
    },
    "banned_colors" : -1,
    "ai_unit_data" : [ ]
  },
  "17" : {
    "type" : "10602",
    "location" : 4861,
    "owner" : 16009,
    "army" : 17,
    "arrival_date" : {
      "day" : 15,
      "month" : 9,
      "year" : 1066,
      "days_since_beginning" : 2214347
    },
    "banned_colors" : -1,
    "ai_unit_data" : [ ]
  },
  "18" : {
    "type" : "10602",
    "location" : 4861,
    "owner" : 16009,
    "army" : 18,
    "arrival_date" : {
      "day" : 15,
      "month" : 9,
      "year" : 1066,
      "days_since_beginning" : 2214347
    },
    "banned_colors" : -1,
    "ai_unit_data" : [ ]
  },
  "19" : {
    "type" : "10602",
    "location" : 3267,
    "owner" : 16178,
    "army" : 19,
    "arrival_date" : {
      "day" : 15,
      "month" : 9,
      "year" : 1066,
      "days_since_beginning" : 2214347
    },
    "banned_colors" : -1,
    "ai_unit_data" : [ ]
  },
  "20" : {
    "type" : "10602",
    "location" : 3280,
    "owner" : 16178,
    "army" : 20,
    "arrival_date" : {
      "day" : 15,
      "month" : 9,
      "year" : 1066,
      "days_since_beginning" : 2214347
    },
    "banned_colors" : -1,
    "ai_unit_data" : [ ]
  },
  "21" : {
    "type" : "10602",
    "location" : 3267,
    "owner" : 16178,
    "army" : 21,
    "arrival_date" : {
      "day" : 15,
      "month" : 9,
      "year" : 1066,
      "days_since_beginning" : 2214347
    },
    "banned_colors" : -1,
    "ai_unit_data" : [ ]
  },
  "22" : {
    "type" : "10602",
    "location" : 3280,
    "owner" : 16178,
    "army" : 22,
    "arrival_date" : {
      "day" : 15,
      "month" : 9,
      "year" : 1066,
      "days_since_beginning" : 2214347
    },
    "banned_colors" : -1,
    "ai_unit_data" : [ ]
  }
}