{
  "active_wars" : {
    "0" : {
      "attacker" : {
        "participants" : [ {
          "character" : 15075,
          "last_action" : 53143248,
          "contribution" : [ 0, 0, 0 ]
        } ]
      },
      "defender" : {
        "participants" : [ {
          "character" : 15547,
          "last_action" : 53143248,
          "contribution" : [ 0, 0, 0 ]
        } ]
      },
      "start_date" : {
        "day" : 32,
        "month" : 7,
        "year" : 1066,
        "days_since_beginning" : 2214302
      },
      "casus_belli" : {
        "type" : "norwegian_invasion_cb",
        "scope" : {
          "root" : {
            "type" : "11073"
          },
          "seed" : 1433434506
        },
        "targeted_titles" : [ 81 ],
        "attacker" : 15075,
        "defender" : 15547,
        "claimant" : 15075
      },
      "name" : "Norwegian Invasion of England"
    },
    "1" : {
      "attacker" : {
        "participants" : [ {
          "character" : 15920,
          "last_action" : 53144160,
          "contribution" : [ 0, 0, 0 ]
        } ]
      },
      "defender" : {
        "participants" : [ {
          "character" : 15547,
          "last_action" : 53144160,
          "contribution" : [ 0, 0, 0 ]
        } ]
      },
      "start_date" : {
        "day" : 8,
        "month" : 9,
        "year" : 1066,
        "days_since_beginning" : 2214340
      },
      "casus_belli" : {
        "type" : "norman_conquest_cb",
        "scope" : {
          "root" : {
            "type" : "11073",
            "identity" : 1
          },
          "seed" : 527815639
        },
        "targeted_titles" : [ 81 ],
        "attacker" : 15920,
        "defender" : 15547,
        "claimant" : 15920
      },
      "name" : "Norman Conquest of England"
    },
    "2" : {
      "attacker" : {
        "participants" : [ {
          "character" : 16009,
          "last_action" : 53144208,
          "contribution" : [ 0, 0, 0 ]
        } ]
      },
      "defender" : {
        "participants" : [ {
          "character" : 14617,
          "last_action" : 53144208,
          "contribution" : [ 0, 0, 0 ]
        } ]
      },
      "start_date" : {
        "day" : 10,
        "month" : 9,
        "year" : 1066,
        "days_since_beginning" : 2214342
      },
      "casus_belli" : {
        "type" : "claim_cb",
        "scope" : {
          "root" : {
            "type" : "11073",
            "identity" : 2
          },
          "seed" : 588791877
        },
        "targeted_titles" : [ 2062, 2045, 2030, 6323, 6318, 6309, 2056, 2046 ],
        "attacker" : 16009,
        "defender" : 14617,
        "claimant" : 16009
      },
      "name" : "Seljuk Invasion of Armenia"
    },
    "3" : {
      "attacker" : {
        "participants" : [ {
          "character" : 16178,
          "last_action" : 53144208,
          "contribution" : [ 0, 0, 0 ]
        } ]
      },
      "defender" : {
        "participants" : [ {
          "character" : 14843,
          "last_action" : 53144208,
          "contribution" : [ 0, 0, 0 ]
        } ]
      },
      "start_date" : {
        "day" : 10,
        "month" : 9,
        "year" : 1066,
        "days_since_beginning" : 2214342
      },
      "casus_belli" : {
        "type" : "claim_cb",
        "scope" : {
          "root" : {
            "type" : "11073",
            "identity" : 3
          },
          "seed" : 1864303873
        },
        "targeted_titles" : [ 11249, 11270, 11253, 11274, 11266, 11278 ],
        "attacker" : 16178,
        "defender" : 14843,
        "claimant" : 16178
      },
      "name" : "Sinhalese Rebellion"
    }
  },
  "names" : [ ]
}